ax,ay,az,gx,gy,gz,timestamp_ms
0.377,-0.427,-0.874,4.06,-0.09,-8.55,1784844902320.8872
0.363,-0.419,-0.868,4.52,0.61,-10.25,1784844902321.553
0.363,-0.419,-0.854,5.04,1.31,-11.11,1784844902322.1262
0.367,-0.419,-0.84,4.52,2.11,-12.36,1784844902322.6921
0.358,-0.413,-0.832,4.09,1.53,-13.67,1784844902323.2542
0.354,-0.41,-0.827,2.93,-0.21,-13.92,1784844902323.8188
0.363,-0.401,-0.842,0.49,-1.8,-14.04,1784844902324.43
0.37,-0.395,-0.863,-2.44,-1.77,-13.09,1784844902325.769
0.365,-0.392,-0.858,-5.07,0.03,-11.57,1784844902326.47
0.351,-0.388,-0.841,-6.68,1.13,-11.41,1784844902327.231
0.345,-0.39,-0.817,-7.51,1.01,-11.38,1784844902327.869
0.356,-0.406,-0.793,-7.17,0.18,-10.56,1784844902328.4512
0.375,-0.416,-0.786,-5.07,-0.85,-9.83,1784844902329.063
0.386,-0.414,-0.81,-1.86,-1.74,-9.31,1784844902329.576
0.379,-0.403,-0.843,0.4,-1.74,-9.28,1784844902330.065
0.369,-0.384,-0.847,-0.03,-1.22,-9.25,1784844902330.535
0.366,-0.361,-0.835,-1.8,-1.13,-8.64,1784844902331.024
0.369,-0.35,-0.826,-3.23,-0.79,-7.45,1784844902331.5032
0.367,-0.356,-0.825,-4.55,-0.46,-6.68,1784844902332.0
0.367,-0.367,-0.834,-5.92,-0.95,-6.59,1784844902332.4648
0.368,-0.372,-0.849,-7.29,-1.25,-6.01,1784844902332.989
0.373,-0.382,-0.858,-8.97,-0.67,-4.39,1784844902333.451
0.377,-0.394,-0.845,-11.02,-0.12,-2.66,1784844902333.915
0.385,-0.397,-0.818,-11.23,-0.21,-1.68,1784844902334.3843
0.399,-0.399,-0.815,-7.78,-0.67,-1.1,1784844902334.8533
0.4,-0.397,-0.816,-3.48,-0.4,-1.4,1784844902335.326
0.392,-0.393,-0.819,-0.12,-0.43,-2.32,1784844902335.788
0.389,-0.386,-0.838,1.37,-0.98,-3.27,1784844902336.29
0.39,-0.378,-0.848,-0.12,-1.13,-3.45,1784844902336.761
0.392,-0.376,-0.846,-3.08,-1.13,-3.17,1784844902337.2249
0.4,-0.382,-0.841,-5.37,-1.13,-3.17,1784844902337.9631
0.409,-0.381,-0.827,-6.44,-1.19,-3.75,1784844902338.5889
0.42,-0.371,-0.824,-6.78,-1.59,-4.36,1784844902339.305
0.413,-0.363,-0.848,-7.72,-1.92,-4.43,1784844902339.826
0.392,-0.362,-0.85,-9.64,-1.22,-4.15,1784844902340.307
0.389,-0.365,-0.859,-11.75,-1.68,-3.78,1784844902340.7732
0.392,-0.366,-0.848,-13.92,-2.04,-2.78,1784844902341.175
0.397,-0.369,-0.834,-15.56,-2.2,-0.95,1784844902341.574
0.404,-0.382,-0.841,-14.89,-1.83,0.18,1784844902341.972
0.41,-0.396,-0.837,-11.72,-0.76,0.03,1784844902342.365
0.415,-0.402,-0.835,-7.45,-0.43,-0.21,1784844902342.7573
0.419,-0.396,-0.83,-3.54,-0.34,0.12,1784844902343.159
0.414,-0.39,-0.841,-0.52,0.18,0.4,1784844902343.553
0.399,-0.379,-0.843,1.74,0.95,-0.18,1784844902343.942
0.387,-0.368,-0.832,2.9,1.1,-0.55,1784844902344.338
0.39,-0.364,-0.828,2.59,0.4,-0.49,1784844902344.7317
0.395,-0.366,-0.839,0.79,-0.27,-0.4,1784844902345.1362
0.398,-0.372,-0.851,-1.46,-0.43,-0.31,1784844902345.686
0.397,-0.377,-0.846,-3.39,-0.52,-0.34,1784844902346.3838
0.398,-0.373,-0.835,-4.52,-0.98,-0.31,1784844902346.883
0.404,-0.371,-0.831,-4.76,-1.5,-0.09,1784844902347.2798
0.401,-0.379,-0.834,-4.61,-1.4,-0.12,1784844902347.692
0.4,-0.385,-0.825,-4.85,-1.31,-0.61,1784844902348.1492
0.407,-0.383,-0.843,-5.01,-2.01,-1.31,1784844902348.7192
0.408,-0.38,-0.853,-5.62,-1.74,-1.89,1784844902349.126
0.398,-0.379,-0.84,-5.95,-0.67,-2.32,1784844902349.532
0.397,-0.376,-0.828,-5.13,-0.82,-2.78,1784844902349.944
0.404,-0.368,-0.833,-3.94,-1.25,-3.3,1784844902350.351
0.399,-0.36,-0.847,-3.88,-1.04,-3.88,1784844902350.76
0.388,-0.362,-0.843,-4.3,-0.73,-3.48,1784844902351.124
0.389,-0.359,-0.836,-3.63,-0.85,-2.96,1784844902351.4768
0.391,-0.351,-0.84,-2.14,-1.56,-2.66,1784844902351.83
0.386,-0.349,-0.841,-0.98,-1.16,-1.89,1784844902352.187
0.376,-0.354,-0.844,-0.64,-0.58,-1.43,1784844902352.549
0.376,-0.353,-0.846,-1.01,-1.16,-1.19,1784844902352.973
0.383,-0.352,-0.853,-2.11,-1.86,-0.67,1784844902354.317
0.391,-0.354,-0.859,-3.27,-1.71,0.09,1784844902354.657
0.395,-0.36,-0.853,-3.11,-1.13,0.58,1784844902354.9968
0.393,-0.359,-0.851,-2.29,-0.98,0.4,1784844902355.366
0.395,-0.357,-0.857,-1.56,-1.01,0.34,1784844902355.721
0.397,-0.362,-0.857,-1.53,-0.46,0.55,1784844902356.064
0.404,-0.364,-0.848,-1.68,-0.18,0.82,1784844902356.41
0.415,-0.364,-0.842,-1.01,-0.27,1.07,1784844902356.761
0.415,-0.364,-0.842,0.06,-0.21,0.89,1784844902357.12
0.419,-0.361,-0.85,0.37,0.34,0.43,1784844902357.465
0.407,-0.356,-0.861,-0.49,0.4,-0.12,1784844902357.8032
0.397,-0.352,-0.866,-2.62,-0.09,-0.37,1784844902358.143
0.4,-0.349,-0.876,-2.62,-0.09,-0.37,1784844902358.52
0.4,-0.354,-0.863,-5.01,0.21,-0.27,1784844902358.899
0.402,-0.366,-0.843,-5.65,0.31,-0.03,1784844902359.214
0.406,-0.374,-0.84,-4.46,0.0,-0.18,1784844902359.54
0.411,-0.369,-0.84,-2.59,-0.06,-0.46,1784844902359.904
0.411,-0.355,-0.857,-1.43,-0.4,-0.34,1784844902360.232
0.399,-0.344,-0.872,-1.68,0.06,0.0,1784844902360.5308
0.388,-0.341,-0.87,-2.93,0.7,0.49,1784844902360.8289
0.386,-0.35,-0.864,-3.88,0.89,1.04,1784844902361.13
0.387,-0.363,-0.847,-3.85,1.19,1.8,1784844902361.428
0.391,-0.371,-0.834,-2.32,1.25,2.47,1784844902361.761
0.398,-0.373,-0.845,0.03,0.92,2.69,1784844902362.1829
0.399,-0.366,-0.856,2.2,1.04,2.53,1784844902362.5789
0.39,-0.361,-0.86,3.6,1.46,2.9,1784844902362.8792
0.382,-0.358,-0.858,3.08,1.71,3.48,1784844902363.183
0.383,-0.356,-0.839,2.26,1.65,3.94,1784844902363.5369
0.387,-0.357,-0.825,2.41,1.25,4.24,1784844902363.842
0.39,-0.356,-0.827,3.11,0.92,3.66,1784844902364.144
0.392,-0.354,-0.838,3.33,0.58,2.66,1784844902364.446
0.392,-0.356,-0.857,2.32,0.18,1.95,1784844902364.746
0.39,-0.356,-0.853,0.18,0.58,1.92,1784844902365.049
0.391,-0.357,-0.832,-1.56,0.61,2.14,1784844902365.3499
0.394,-0.358,-0.819,-1.77,0.09,1.95,1784844902365.652
0.392,-0.359,-0.804,-0.49,-0.03,1.53,1784844902365.954
0.39,-0.359,-0.812,1.19,-0.76,0.76,1784844902366.2642
0.387,-0.355,-0.833,1.77,-1.53,-0.09,1784844902366.563
0.376,-0.353,-0.835,0.76,-1.59,0.24,1784844902366.864
0.37,-0.354,-0.827,-0.67,-1.89,1.16,1784844902367.1702
0.379,-0.352,-0.824,-1.4,-2.38,2.26,1784844902367.505
0.391,-0.355,-0.82,-0.92,-2.72,3.02,1784844902367.819
0.397,-0.362,-0.821,0.12,-2.96,2.96,1784844902368.13
0.396,-0.368,-0.831,1.04,-3.2,2.26,1784844902368.4558
0.392,-0.368,-0.837,1.43,-3.39,1.71,1784844902368.767
0.386,-0.36,-0.84,0.79,-3.2,1.4,1784844902369.1057
0.388,-0.351,-0.845,-0.18,-3.23,1.77,1784844902369.449
0.397,-0.357,-0.846,-0.52,-3.36,2.38,1784844902369.7578
0.394,-0.367,-0.841,-0.49,-3.36,2.72,1784844902370.2668
0.394,-0.37,-0.836,-0.27,-3.3,2.96,1784844902370.58
0.396,-0.372,-0.844,0.67,-3.42,2.47,1784844902370.882
0.394,-0.367,-0.857,1.04,-3.94,1.65,1784844902371.1848
0.391,-0.361,-0.87,-0.09,-4.18,1.43,1784844902371.4858
0.385,-0.359,-0.869,-1.68,-3.81,2.04,1784844902371.783
0.383,-0.37,-0.857,-2.53,-3.51,2.93,1784844902372.116
0.388,-0.376,-0.853,-2.32,-3.6,3.2,1784844902372.4248
0.392,-0.381,-0.857,-1.53,-3.51,3.05,1784844902372.729
0.397,-0.384,-0.86,-0.43,-3.42,2.59,1784844902373.0293
0.402,-0.379,-0.873,0.89,-3.57,2.2,1784844902373.333
0.394,-0.372,-0.879,1.34,-2.96,1.83,1784844902373.6372
0.382,-0.368,-0.878,0.85,-2.62,1.56,1784844902373.94
0.38,-0.371,-0.878,-0.06,-2.87,1.65,1784844902374.24
0.386,-0.377,-0.88,-1.65,-3.11,1.4,1784844902374.542
0.39,-0.382,-0.872,-3.02,-2.69,1.31,1784844902374.846
0.393,-0.386,-0.861,-3.02,-2.32,1.07,1784844902375.146
0.395,-0.379,-0.863,-2.01,-2.5,0.43,1784844902375.447
0.392,-0.374,-0.875,-0.79,-2.32,0.0,1784844902375.753
0.388,-0.375,-0.884,-0.49,-1.83,-0.34,1784844902376.056
0.388,-0.374,-0.885,-1.16,-1.46,-0.92,1784844902376.3562
0.386,-0.371,-0.882,-1.98,-1.25,-1.28,1784844902376.66
0.381,-0.369,-0.877,-2.59,-1.04,-1.16,1784844902376.965
0.379,-0.37,-0.877,-2.84,-0.76,-1.1,1784844902377.2659
0.385,-0.372,-0.878,-2.5,-0.55,-1.13,1784844902377.571
0.391,-0.371,-0.877,-1.98,-0.09,-1.13,1784844902377.8792
0.388,-0.366,-0.867,-1.04,0.49,-1.01,1784844902378.179
0.38,-0.362,-0.867,0.12,0.46,-0.79,1784844902378.598
0.374,-0.361,-0.86,0.58,0.61,-0.37,1784844902378.925
0.375,-0.362,-0.857,0.27,0.4,-0.24,1784844902379.2341
0.384,-0.365,-0.857,0.27,0.12,-0.27,1784844902379.533
0.389,-0.369,-0.853,0.79,0.64,-0.06,1784844902379.846
0.386,-0.372,-0.846,1.89,1.19,-0.06,1784844902380.149
0.385,-0.369,-0.855,2.99,0.67,-0.27,1784844902380.449
0.388,-0.361,-0.869,2.56,0.24,-0.58,1784844902380.838
0.385,-0.359,-0.873,0.46,0.18,-0.49,1784844902381.1462
0.38,-0.36,-0.864,-1.95,0.46,-0.73,1784844902381.5251
0.376,-0.362,-0.855,-3.33,0.15,-1.07,1784844902381.833
0.373,-0.363,-0.841,-3.75,-0.18,-1.04,1784844902382.142
0.377,-0.368,-0.837,-2.96,-0.06,-0.95,1784844902382.449
0.376,-0.373,-0.839,-1.68,-0.03,-1.92,1784844902382.7488
0.372,-0.375,-0.844,-0.67,-0.03,-2.84,1784844902383.052
0.368,-0.367,-0.841,-0.09,0.0,-2.84,1784844902383.3542
0.379,-0.356,-0.842,0.27,-0.58,-1.98,1784844902383.657
0.388,-0.348,-0.852,0.37,-1.28,-1.46,1784844902383.956
0.384,-0.341,-0.86,-0.61,-1.25,-1.37,1784844902384.257
0.378,-0.342,-0.866,-2.23,-1.19,-1.19,1784844902384.5579
0.378,-0.347,-0.863,-4.03,-1.37,-1.37,1784844902384.8599
0.382,-0.352,-0.856,-5.65,-1.83,-1.71,1784844902385.1619
0.386,-0.356,-0.853,-5.89,-1.74,-1.59,1784844902385.465
0.39,-0.358,-0.847,-4.91,-1.43,-1.8,1784844902385.7688
0.383,-0.355,-0.851,-3.08,-1.1,-2.14,1784844902386.071
0.37,-0.353,-0.854,-1.56,-0.89,-2.23,1784844902386.373
0.365,-0.349,-0.85,-0.85,-0.98,-2.01,1784844902386.677
0.368,-0.344,-0.849,-0.43,-1.43,-1.62,1784844902386.976
0.374,-0.342,-0.846,-0.27,-1.62,-0.89,1784844902387.277
0.379,-0.34,-0.85,-0.49,-1.86,-0.37,1784844902387.5872
0.383,-0.34,-0.861,-0.89,-2.11,-0.4,1784844902387.89
0.386,-0.343,-0.87,-1.19,-2.14,-0.73,1784844902388.196
0.385,-0.345,-0.869,-1.92,-1.77,-1.04,1784844902388.499
0.383,-0.348,-0.866,-2.99,-1.71,-0.89,1784844902389.437
0.381,-0.345,-0.866,-2.93,-1.68,-0.64,1784844902389.738
-0.923,-0.314,-0.093,-7.2,-3.02,-2.29,1784844902390.11
-0.918,-0.316,-0.09,-8.58,-3.11,-2.23,1784844902390.414
-0.914,-0.325,-0.089,-9.13,-3.54,-2.59,1784844902390.72
-0.909,-0.326,-0.082,-9.98,-3.69,-3.81,1784844902391.02
-0.9,-0.327,-0.077,-10.32,-3.81,-4.79,1784844902391.322
-0.886,-0.327,-0.076,-10.07,-3.78,-5.49,1784844902404.313
-0.879,-0.326,-0.077,-10.22,-3.91,-5.83,1784844902409.875
-0.876,-0.325,-0.077,-10.99,-4.55,-5.83,1784844902420.189
-0.873,-0.326,-0.073,-12.3,-5.28,-5.77,1784844902430.722
-0.874,-0.326,-0.071,-14.07,-5.95,-5.83,1784844902441.161
-0.873,-0.331,-0.068,-15.99,-6.59,-5.89,1784844902454.473
-0.874,-0.336,-0.065,-18.16,-6.9,-6.5,1784844902460.0352
-0.874,-0.338,-0.064,-20.54,-6.99,-7.23,1784844902470.4001
-0.873,-0.346,-0.061,-23.1,-7.2,-7.66,1784844902480.823
-0.875,-0.354,-0.057,-25.48,-7.63,-8.09,1784844902491.312
-0.875,-0.359,-0.051,-27.59,-7.93,-8.33,1784844902504.521
-0.878,-0.365,-0.043,-29.39,-8.36,-8.39,1784844902510.1099
-0.88,-0.367,-0.038,-30.7,-8.61,-8.79,1784844902520.4429
-0.885,-0.369,-0.034,-31.37,-8.88,-9.95,1784844902530.9592
-0.891,-0.371,-0.034,-31.59,-9.49,-11.47,1784844902544.1868
-0.894,-0.369,-0.032,-31.92,-10.22,-12.94,1784844902549.845
-0.901,-0.37,-0.029,-32.07,-11.11,-14.22,1784844902560.688
-0.901,-0.37,-0.031,-32.29,-11.99,-15.32,1784844902571.296
-0.905,-0.371,-0.028,-32.78,-12.67,-16.45,1784844902584.668
-0.905,-0.375,-0.026,-33.48,-13.37,-17.33,1784844902590.556
-0.906,-0.38,-0.021,-34.27,-14.04,-18.25,1784844902601.013
-0.913,-0.381,-0.022,-35.49,-14.8,-19.04,1784844902614.311
-0.913,-0.382,-0.022,-37.05,-15.47,-19.41,1784844902620.1223
-0.911,-0.386,-0.022,-38.7,-15.87,-19.99,1784844902630.766
-0.912,-0.385,-0.022,-40.25,-16.24,-20.84,1784844902641.4111
-0.91,-0.386,-0.025,-41.47,-16.75,-21.7,1784844902654.69
-0.905,-0.386,-0.024,-42.79,-17.03,-22.89,1784844902660.384
-0.901,-0.387,-0.022,-43.89,-17.3,-24.08,1784844902671.057
-0.9,-0.386,-0.026,-45.23,-17.94,-25.09,1784844902684.4211
-0.899,-0.386,-0.027,-46.69,-18.4,-25.7,1784844902690.2312
-0.901,-0.39,-0.021,-47.7,-18.77,-26.37,1784844902700.754
-0.9,-0.395,-0.015,-48.25,-19.01,-27.16,1784844902711.421
-0.899,-0.399,-0.015,-48.46,-19.04,-27.92,1784844902724.695
-0.9,-0.404,-0.017,-48.19,-18.77,-28.72,1784844902730.561
-0.901,-0.406,-0.016,-47.18,-18.49,-29.45,1784844902741.123
-0.902,-0.408,-0.018,-45.99,-18.52,-29.97,1784844902754.411
-0.907,-0.411,-0.022,-45.14,-18.49,-30.37,1784844902760.132
-0.908,-0.415,-0.021,-45.14,-18.22,-30.88,1784844902770.771
-0.91,-0.416,-0.018,-45.35,-17.91,-31.4,1784844902781.5627
-0.91,-0.419,-0.017,-45.59,-17.73,-31.77,1784844902794.73
-0.909,-0.422,-0.013,-45.5,-17.7,-31.8,1784844902800.561
-0.911,-0.429,-0.007,-45.23,-17.73,-31.34,1784844902811.0862
-0.92,-0.441,-0.002,-44.22,-17.43,-30.64,1784844902824.448
-0.926,-0.446,0.004,-42.54,-17.06,-29.97,1784844902830.2478
-0.923,-0.454,0.007,-39.7,-16.97,-29.11,1784844902840.908
-0.923,-0.453,0.012,-37.63,-16.08,-28.35,1784844902851.5278
-0.927,-0.446,0.004,-37.51,-16.14,-27.34,1784844902864.8738
-0.927,-0.449,0.0,-37.72,-16.51,-25.88,1784844902870.5808
-0.924,-0.455,-0.003,-38.67,-17.06,-24.6,1784844902881.262
-0.92,-0.46,-0.007,-39.92,-17.64,-24.02,1784844902894.51
-0.914,-0.464,-0.007,-41.72,-18.07,-24.05,1784844902900.28
-0.909,-0.468,-0.002,-43.37,-18.56,-24.02,1784844902910.8323
-0.902,-0.481,-0.001,-43.34,-18.89,-23.53,1784844902924.217
-0.897,-0.484,0.003,-44.74,-18.22,-22.46,1784844902929.954
-0.903,-0.479,0.001,-47.15,-18.83,-21.7,1784844902940.615
-0.899,-0.484,-0.008,-48.01,-19.68,-20.66,1784844902951.2698
-0.894,-0.494,-0.024,-48.34,-20.42,-20.42,1784844902964.584
-0.891,-0.5,-0.039,-48.8,-20.51,-21.33,1784844902970.325
-0.886,-0.508,-0.046,-48.34,-20.84,-22.46,1784844902981.007
-0.878,-0.523,-0.052,-46.85,-20.57,-23.59,1784844902994.273
-0.872,-0.527,-0.052,-45.11,-19.75,-24.38,1784844903000.052
-0.875,-0.528,-0.054,-42.33,-19.32,-24.57,1784844903010.7278
-0.873,-0.53,-0.064,-39.49,-18.71,-23.99,1784844903021.513
-0.871,-0.528,-0.073,-37.57,-17.79,-23.53,1784844903034.9272
-0.864,-0.52,-0.084,-37.2,-16.45,-23.87,1784844903040.483
-0.861,-0.52,-0.096,-37.63,-15.08,-24.2,1784844903051.061
-0.859,-0.522,-0.101,-38.42,-13.76,-25.27,1784844903064.4548
-0.86,-0.531,-0.101,-39.49,-12.73,-26.31,1784844903070.071
-0.855,-0.537,-0.105,-40.25,-11.57,-26.58,1784844903080.96
-0.856,-0.548,-0.11,-41.11,-10.19,-25.54,1784844903091.5789
-0.854,-0.561,-0.12,-41.57,-8.64,-25.3,1784844903104.7502
-0.85,-0.568,-0.117,-41.87,-6.99,-26.52,1784844903110.4739
-0.852,-0.574,-0.112,-41.81,-5.95,-27.71,1784844903120.833
-0.849,-0.584,-0.115,-41.6,-5.07,-28.53,1784844903131.5251
-0.855,-0.583,-0.109,-41.57,-4.0,-30.15,1784844903145.0652
-0.86,-0.58,-0.115,-40.35,-3.48,-30.7,1784844903150.7102
-0.859,-0.589,-0.136,-38.36,-3.78,-30.79,1784844903161.3481
-0.864,-0.601,-0.156,-37.87,-3.81,-31.1,1784844903171.621
-0.877,-0.614,-0.181,-39.52,-4.03,-32.17,1784844903184.9001
-0.885,-0.618,-0.188,-42.57,-3.81,-33.78,1784844903190.6938
-0.881,-0.625,-0.182,-45.17,-2.93,-35.13,1784844903201.139
-0.87,-0.625,-0.173,-46.82,-1.53,-36.47,1784844903211.502
-0.862,-0.618,-0.158,-47.0,0.15,-37.39,1784844903224.92
-0.865,-0.615,-0.143,-45.59,1.22,-37.39,1784844903230.929
-0.863,-0.624,-0.143,-43.31,1.86,-36.77,1784844903241.083
-0.865,-0.635,-0.145,-41.87,2.32,-36.71,1784844903251.602
-0.881,-0.651,-0.155,-41.78,2.38,-36.9,1784844903264.909
-0.881,-0.651,-0.155,-44.04,2.17,-37.51,1784844903270.5989
-0.898,-0.673,-0.178,-48.59,2.78,-39.31,1784844903281.14
-0.899,-0.698,-0.206,-54.14,4.46,-42.45,1784844903291.617
-0.883,-0.716,-0.217,-58.75,6.16,-46.02,1784844903304.738
-0.869,-0.732,-0.222,-62.99,8.0,-49.71,1784844903310.4792
-0.862,-0.749,-0.224,-62.99,8.0,-49.71,1784844903321.125
-0.858,-0.758,-0.212,-66.74,10.13,-53.22,1784844903331.642
-0.841,-0.765,-0.2,-68.54,12.42,-56.37,1784844903344.736
-0.834,-0.779,-0.197,-67.93,15.47,-59.82,1784844903350.475
-0.824,-0.794,-0.202,-66.99,18.83,-63.3,1784844903361.112
-0.825,-0.8,-0.204,-67.78,21.94,-67.08,1784844903374.346
-0.835,-0.8,-0.215,-70.47,24.17,-69.92,1784844903380.228
-0.83,-0.793,-0.236,-76.42,26.61,-71.66,1784844903390.891
-0.811,-0.804,-0.252,-83.04,29.18,-73.43,1784844903406.09
-0.79,-0.853,-0.264,-86.06,31.74,-77.09,1784844903409.7432
-0.78,-0.913,-0.287,-84.29,34.64,-83.04,1784844903420.5671
-0.778,-0.981,-0.309,-77.97,38.88,-89.63,1784844903431.201
-0.782,-1.013,-0.32,-69.98,43.76,-96.35,1784844903444.588
-0.782,-0.975,-0.308,-61.34,49.17,-100.5,1784844903450.2458
-0.764,-0.887,-0.286,-51.27,52.8,-99.46,1784844903460.9622
-0.727,-0.795,-0.3,-46.82,54.08,-95.0,1784844903474.3162
-0.71,-0.748,-0.328,-49.35,53.25,-91.92,1784844903480.0862
-0.7,-0.769,-0.349,-53.65,48.71,-92.96,1784844903490.976
-0.695,-0.859,-0.354,-55.88,41.72,-99.4,1784844903501.5
-0.696,-0.975,-0.403,-53.59,34.03,-110.66,1784844903514.783
-0.684,-1.061,-0.462,-46.48,30.79,-122.93,1784844903520.349
-0.674,-1.076,-0.475,-36.65,31.62,-134.22,1784844903531.3977
-0.654,-1.046,-0.482,-25.3,33.75,-139.96,1784844903544.991
-0.624,-1.019,-0.511,-18.65,34.03,-140.35,1784844903550.424
-0.584,-0.985,-0.527,-18.46,35.62,-139.1,1784844903561.6108
-0.534,-1.0,-0.54,-20.87,37.02,-138.52,1784844903574.539
-0.505,-1.041,-0.551,-28.08,37.42,-142.19,1784844903580.7458
-0.472,-1.048,-0.536,-38.91,39.34,-146.46,1784844903591.4978
-0.426,-1.008,-0.545,-49.32,41.26,-146.82,1784844903604.5151
-0.369,-0.962,-0.565,-58.81,45.81,-142.12,1784844903610.322
-0.321,-0.959,-0.555,-64.3,51.55,-136.72,1784844903621.2869
-0.295,-0.95,-0.532,-68.76,56.03,-134.01,1784844903634.759
-0.271,-0.903,-0.536,-75.56,60.61,-132.33,1784844903640.6519
-0.256,-0.846,-0.509,-82.83,66.81,-130.41,1784844903651.26
-0.25,-0.785,-0.489,-87.68,71.99,-128.45,1784844903664.4622
-0.221,-0.73,-0.506,-88.9,76.42,-126.35,1784844903670.5989
-0.191,-0.709,-0.494,-85.7,81.0,-124.82,1784844903681.248
-0.173,-0.734,-0.509,-81.24,83.68,-124.64,1784844903694.5122
-0.177,-0.733,-0.522,-81.45,85.82,-126.26,1784844903700.315
-0.173,-0.711,-0.528,-82.16,88.9,-125.98,1784844903711.337
-0.142,-0.701,-0.562,-83.77,91.74,-123.42,1784844903724.4958
-0.114,-0.71,-0.579,-88.69,94.85,-121.59,1784844903730.498
-0.113,-0.681,-0.575,-96.99,96.84,-120.55,1784844903741.3772
-0.104,-0.633,-0.596,-103.73,98.76,-115.97,1784844903754.455
-0.08,-0.621,-0.601,-106.97,101.78,-109.41,1784844903760.347
-0.065,-0.611,-0.622,-110.26,103.27,-104.37,1784844903771.821
-0.044,-0.608,-0.64,-113.44,105.9,-99.83,1784844903784.844
-0.026,-0.61,-0.635,-116.89,109.04,-96.41,1784844903790.6501
0.0,-0.616,-0.632,-120.85,110.39,-94.12,1784844903804.1
0.03,-0.623,-0.628,-124.85,111.06,-92.5,1784844903810.5723
0.051,-0.586,-0.63,-130.16,111.51,-89.21,1784844903821.164
0.093,-0.556,-0.615,-132.33,113.04,-82.67,1784844903834.6328
0.118,-0.531,-0.609,-132.45,114.05,-77.55,1784844903840.29
0.133,-0.501,-0.622,-133.21,114.17,-72.79,1784844903858.037
0.154,-0.484,-0.61,-133.64,114.81,-68.42,1784844903864.8572
0.18,-0.482,-0.607,-133.09,113.62,-65.52,1784844903870.504
0.209,-0.495,-0.612,-132.18,111.7,-64.39,1784844903884.1128
0.23,-0.498,-0.613,-131.5,109.47,-64.76,1784844903890.229
0.251,-0.501,-0.597,-129.06,107.73,-64.7,1784844903900.9778
0.283,-0.508,-0.579,-126.93,104.37,-63.02,1784844903914.351
0.31,-0.51,-0.563,-125.16,100.22,-60.58,1784844903920.1548
0.334,-0.488,-0.535,-122.53,96.71,-58.38,1784844903931.266
0.356,-0.46,-0.517,-117.53,92.32,-56.34,1784844903944.7
0.373,-0.425,-0.54,-110.69,87.19,-55.12,1784844903950.772
0.394,-0.383,-0.54,-104.62,83.41,-53.5,1784844903961.129
0.425,-0.343,-0.489,-98.12,79.2,-53.25,1784844903974.644
0.449,-0.318,-0.492,-91.56,71.35,-54.66,1784844903980.625
0.466,-0.286,-0.506,-88.05,64.3,-55.54,1784844903990.914
0.477,-0.24,-0.499,-84.75,59.42,-54.99,1784844904001.7048
0.491,-0.195,-0.519,-79.13,54.32,-53.16,1784844904015.0369
0.499,-0.172,-0.549,-72.24,49.78,-50.51,1784844904020.4612
0.52,-0.188,-0.595,-64.49,45.99,-48.1,1784844904031.6318
0.54,-0.186,-0.618,-61.46,42.3,-47.61,1784844904044.589
0.556,-0.176,-0.585,-59.82,39.52,-47.76,1784844904050.9739
0.566,-0.171,-0.594,-55.79,35.4,-48.19,1784844904060.812
0.571,-0.156,-0.614,-51.61,32.87,-47.49,1784844904071.5671
0.571,-0.125,-0.605,-46.75,32.07,-45.78,1784844904084.836
0.571,-0.081,-0.592,-39.28,30.46,-43.21,1784844904090.7039
0.577,-0.056,-0.603,-30.7,27.5,-40.38,1784844904101.3079
0.574,-0.05,-0.654,-24.45,24.41,-38.21,1784844904114.571
0.596,-0.041,-0.698,-23.44,23.16,-34.73,1784844904120.243
0.608,-0.035,-0.742,-23.5,22.77,-34.46,1784844904131.01
0.604,-0.041,-0.743,-22.98,22.64,-34.91,1784844904144.2349
0.609,-0.059,-0.725,-21.06,22.03,-33.97,1784844904150.1282
0.614,-0.06,-0.734,-19.32,20.94,-33.51,1784844904160.743
0.617,-0.037,-0.735,-17.58,20.63,-33.08,1784844904171.3003
0.613,-0.006,-0.753,-15.63,20.48,-31.28,1784844904184.674
0.612,0.032,-0.787,-16.11,20.94,-28.14,1784844904190.5479
0.6,0.07,-0.795,-20.08,21.91,-24.35,1784844904201.246
0.6,0.09,-0.805,-26.34,22.31,-18.28,1784844904214.336
0.642,0.102,-0.807,-34.42,22.25,-13.34,1784844904219.9639
0.651,0.093,-0.808,-40.1,22.8,-13.21,1784844904230.8281
0.653,0.063,-0.814,-44.1,24.14,-12.02,1784844904241.55
0.663,0.029,-0.804,-46.14,27.04,-9.28,1784844904254.7651
0.672,-0.001,-0.76,-44.8,30.03,-6.41,1784844904261.009
0.686,-0.024,-0.719,-40.59,30.82,-4.27,1784844904270.859
0.706,-0.024,-0.712,-36.23,29.76,-2.96,1784844904281.579
0.723,0.008,-0.723,-33.54,28.38,-1.53,1784844904294.7058
0.733,0.054,-0.738,-31.74,27.59,0.85,1784844904300.547
0.756,0.085,-0.742,-30.88,27.31,4.85,1784844904310.845
0.776,0.106,-0.728,-33.05,25.06,7.32,1784844904321.3342
0.787,0.099,-0.712,-34.76,22.68,6.96,1784844904334.783
0.802,0.078,-0.699,-37.2,20.57,3.63,1784844904340.79
0.815,0.075,-0.681,-39.98,18.1,-1.59,1784844904350.7131
0.831,0.078,-0.661,-39.09,15.38,-5.71,1784844904361.295
0.835,0.084,-0.632,-36.16,12.3,-8.61,1784844904374.83
0.825,0.108,-0.621,-34.67,8.76,-10.32,1784844904380.491
0.799,0.145,-0.613,-33.85,6.1,-10.9,1784844904390.795
0.766,0.184,-0.619,-32.56,4.43,-9.49,1784844904401.481
0.734,0.221,-0.629,-31.74,3.36,-6.44,1784844904414.583
0.721,0.239,-0.642,-30.37,2.84,-2.96,1784844904420.215
0.715,0.227,-0.656,-30.0,2.35,0.03,1784844904430.5012
0.713,0.189,-0.665,-32.47,2.62,2.53,1784844904440.944
0.708,0.138,-0.662,-36.81,3.66,4.91,1784844904451.3438
0.714,0.097,-0.662,-39.64,4.94,8.03,1784844904464.683
0.729,0.07,-0.649,-37.97,6.47,11.93,1784844904470.2542
0.744,0.058,-0.647,-32.53,7.84,16.75,1784844904480.85
0.752,0.078,-0.664,-28.14,8.64,21.61,1784844904491.499
0.74,0.132,-0.691,-27.04,8.76,26.86,1784844904504.909
0.723,0.189,-0.709,-24.23,8.45,35.28,1784844904510.5112
0.77,0.166,-0.808,-21.64,7.39,43.0,1784844904520.704
0.768,0.152,-0.792,-24.78,8.03,44.04,1784844904531.342
0.772,0.114,-0.776,-26.25,8.94,42.51,1784844904544.846
0.778,0.074,-0.77,-26.73,8.42,38.76,1784844904550.3271
0.778,0.074,-0.77,-21.91,9.19,35.43,1784844904560.654
0.808,0.027,-0.744,-14.83,8.36,33.02,1784844904571.459
0.85,-0.019,-0.718,-10.86,6.29,31.8,1784844904584.661
0.89,-0.03,-0.7,-8.45,3.91,31.92,1784844904590.666
0.909,-0.016,-0.705,-5.22,2.53,33.66,1784844904600.459
0.91,0.012,-0.725,-5.22,2.53,33.66,1784844904611.321
0.901,0.04,-0.73,-1.68,1.65,37.05,1784844904621.632
0.889,0.047,-0.745,0.64,-0.24,39.89,1784844904635.008
0.878,0.043,-0.747,-0.89,-2.53,41.32,1784844904640.914
0.854,0.046,-0.721,-6.29,-4.3,40.44,1784844904650.613
0.832,0.038,-0.685,-11.84,-6.35,38.91,1784844904661.527
0.804,0.019,-0.644,-15.23,-9.25,37.66,1784844904674.5679
0.78,-0.006,-0.628,-15.93,-12.18,37.32,1784844904680.716
0.757,-0.014,-0.623,-16.33,-14.04,38.21,1784844904690.839
0.714,-0.005,-0.617,-16.42,-15.23,41.41,1784844904701.531
0.655,0.006,-0.63,-15.14,-15.59,46.75,1784844904714.803
0.597,-0.001,-0.65,-14.83,-15.14,53.83,1784844904720.417
0.578,-0.026,-0.646,-14.59,-12.67,58.2,1784844904731.445
0.589,-0.073,-0.646,-13.92,-12.33,59.66,1784844904744.78
0.596,-0.107,-0.648,-14.34,-13.89,59.94,1784844904750.341
0.593,-0.101,-0.635,-14.19,-15.87,61.04,1784844904760.884
0.598,-0.067,-0.625,-11.17,-18.1,65.65,1784844904771.779
0.568,-0.072,-0.701,-9.03,-23.68,74.59,1784844904785.096
0.558,-0.053,-0.753,-6.53,-21.24,77.21,1784844904790.5623
0.577,-0.028,-0.76,-4.58,-19.35,77.15,1784844904801.3289
0.603,-0.021,-0.768,-3.6,-21.06,78.86,1784844904811.722
0.619,-0.076,-0.757,-4.88,-25.39,84.78,1784844904825.0479
0.595,-0.188,-0.789,-5.31,-26.18,86.31,1784844904830.861
0.583,-0.233,-0.756,-7.29,-23.5,81.55,1784844904841.343
0.569,-0.237,-0.782,-6.81,-24.05,79.74,1784844904851.671
0.589,-0.213,-0.796,-1.92,-24.23,80.6,1784844904864.872
0.596,-0.194,-0.818,5.58,-24.41,82.55,1784844904870.869
0.572,-0.193,-0.834,12.82,-23.32,84.96,1784844904881.114
0.54,-0.167,-0.83,16.08,-22.03,88.5,1784844904894.4211
0.485,-0.167,-0.826,13.4,-24.57,97.32,1784844904900.196
0.438,-0.169,-0.824,13.15,-21.73,98.79,1784844904911.105
0.451,-0.157,-0.783,11.87,-18.65,96.19,1784844904921.486
0.46,-0.172,-0.8,6.68,-19.9,97.63,1784844904934.8108
0.453,-0.222,-0.803,-1.89,-22.34,103.15,1784844904940.816
0.408,-0.252,-0.836,-5.95,-20.45,100.86,1784844904950.984
0.391,-0.257,-0.81,-4.55,-17.61,97.23,1784844904964.527
0.37,-0.279,-0.819,-1.77,-17.58,97.99,1784844904970.373
0.355,-0.29,-0.819,0.27,-16.79,98.57,1784844904980.659
0.345,-0.302,-0.808,1.28,-15.56,99.25,1784844904990.998
0.343,-0.306,-0.786,3.11,-14.89,100.28,1784844905004.6333
0.361,-0.293,-0.785,7.14,-16.02,102.88,1784844905010.644
0.376,-0.315,-0.801,9.16,-19.17,110.84,1784844905020.757
0.389,-0.319,-0.866,11.9,-18.37,111.21,1784844905032.188
0.386,-0.29,-0.899,9.55,-16.91,105.2,1784844905044.893
0.351,-0.321,-0.915,-3.11,-18.19,107.88,1784844905051.323
0.324,-0.331,-0.912,-14.16,-16.45,105.9,1784844905061.2568
0.349,-0.304,-0.898,-16.82,-13.86,99.09,1784844905074.869
0.366,-0.344,-0.926,-19.14,-11.69,98.39,1784844905080.496
0.376,-0.387,-0.896,-22.68,-7.32,96.93,1784844905091.0798
0.377,-0.421,-0.872,-22.77,-4.58,93.97,1784844905101.4888
0.375,-0.456,-0.835,-17.33,-1.68,90.73,1784844905114.8281
0.399,-0.453,-0.8,-8.36,-0.03,87.68,1784844905120.448
0.398,-0.489,-0.819,-1.4,-1.68,91.04,1784844905130.823
0.367,-0.458,-0.818,5.19,1.37,85.02,1784844905141.1772
0.339,-0.402,-0.804,8.94,2.75,76.94,1784844905154.42
0.335,-0.369,-0.754,7.9,3.48,77.76,1784844905160.574
0.356,-0.385,-0.72,8.33,0.49,85.21,1784844905170.42
0.354,-0.396,-0.762,13.52,0.0,85.57,1784844905181.001
0.365,-0.376,-0.781,17.98,1.71,78.07,1784844905191.736
0.351,-0.439,-0.813,10.56,-0.06,79.68,1784844905204.8308
0.32,-0.449,-0.798,2.08,0.46,74.65,1784844905211.0137
0.309,-0.451,-0.749,1.92,1.16,64.79,1784844905220.854
0.321,-0.495,-0.709,1.13,0.55,61.49,1784844905231.4082
0.351,-0.545,-0.694,3.42,-0.79,57.53,1784844905244.494
0.391,-0.587,-0.682,9.13,-1.65,50.17,1784844905250.4792
0.42,-0.581,-0.698,14.68,-3.3,41.26,1784844905260.698
0.424,-0.543,-0.753,16.63,-4.58,32.5,1784844905271.1968
0.401,-0.503,-0.801,13.34,-4.46,23.87,1784844905284.393
0.373,-0.485,-0.789,7.63,-3.11,16.54,1784844905290.195
0.385,-0.487,-0.735,2.47,-2.56,11.72,1784844905300.311
0.392,-0.527,-0.688,-1.86,-4.43,10.41,1784844905310.778
0.406,-0.479,-0.666,0.61,-5.71,1.4,1784844905321.307
