gesture,person,trial,mmwave_range_mean,mmwave_range_std,mmwave_range_min,mmwave_range_max,mmwave_range_energy,mmwave_doppler_mean,mmwave_doppler_std,mmwave_doppler_min,mmwave_doppler_max,mmwave_doppler_energy,mmwave_angle_mean,mmwave_angle_std,mmwave_angle_min,mmwave_angle_max,mmwave_angle_energy,mmwave_elevation_mean,mmwave_elevation_std,mmwave_elevation_min,mmwave_elevation_max,mmwave_elevation_energy,mmwave_point_count_mean,mmwave_point_count_std,mmwave_point_count_min,mmwave_point_count_max,mmwave_point_count_energy,imu_ax_mean,imu_ax_std,imu_ax_min,imu_ax_max,imu_ax_energy,imu_ay_mean,imu_ay_std,imu_ay_min,imu_ay_max,imu_ay_energy,imu_az_mean,imu_az_std,imu_az_min,imu_az_max,imu_az_energy,imu_gx_mean,imu_gx_std,imu_gx_min,imu_gx_max,imu_gx_energy,imu_gy_mean,imu_gy_std,imu_gy_min,imu_gy_max,imu_gy_energy,imu_gz_mean,imu_gz_std,imu_gz_min,imu_gz_max,imu_gz_energy
palm_up_down,sai,1,0.6374971169239112,0.3436883028556492,0.09149980831311734,2.8149736969701538,252.2961515545319,0.0,0.0,0.0,0.0,0.0,1.8515585097528493,20.356797045382375,-56.07598664175233,69.65354060194552,200975.0057885868,0.0,0.0,0.0,0.0,0.0,6.413333333333333,1.9397136100179555,2.0,11.0,3367.0,0.0,0.0,0.0,0.0,0.0,0.0,0.0,0.0,0.0,0.0,0.0,0.0,0.0,0.0,0.0,0.0,0.0,0.0,0.0,0.0,0.0,0.0,0.0,0.0,0.0,0.0,0.0,0.0,0.0,0.0
palm_up_down,sai,2,0.6625376946792004,0.376397942169558,0.09148740206879012,2.4786949964949447,314.12169978750626,0.0,0.0,0.0,0.0,0.0,6.406684517574814,24.035000693323536,-68.58573313000866,69.40463929286815,334731.23387616535,0.0,0.0,0.0,0.0,0.0,7.955882352941177,2.3100408930007363,3.0,16.0,4667.0,0.0,0.0,0.0,0.0,0.0,0.0,0.0,0.0,0.0,0.0,0.0,0.0,0.0,0.0,0.0,0.0,0.0,0.0,0.0,0.0,0.0,0.0,0.0,0.0,0.0,0.0,0.0,0.0,0.0,0.0
palm_up_down,sai,3,0.7250240939859645,0.6845752316890232,0.0012644054553268209,7.614175042872215,504.1117146440399,0.057927100251750706,0.6969888899189249,0.0,10.291049007413676,247.99857423829386,5.885797035050757,24.521595443335357,-65.90995893729739,90.0,322427.2836609797,0.3032933431919013,3.862019615986251,-15.47725578478062,63.609228966514834,7608.64145970757,7.041666666666667,2.5843412012434515,2.0,14.0,4051.0,0.0,0.0,0.0,0.0,0.0,0.0,0.0,0.0,0.0,0.0,0.0,0.0,0.0,0.0,0.0,0.0,0.0,0.0,0.0,0.0,0.0,0.0,0.0,0.0,0.0,0.0,0.0,0.0,0.0,0.0
palm_up_down,sai,4,0.6333482727899159,0.29774526716664623,0.09154941647820718,2.7539310969642585,245.38092166181968,0.0,0.0,0.0,0.0,0.0,6.460260562001106,21.341919657844546,-69.18540805548325,69.54867621649073,249103.46310663002,0.0,0.0,0.0,0.0,0.0,6.592105263157895,2.1714513190548232,1.0,12.0,3661.0,0.0,0.0,0.0,0.0,0.0,0.0,0.0,0.0,0.0,0.0,0.0,0.0,0.0,0.0,0.0,0.0,0.0,0.0,0.0,0.0,0.0,0.0,0.0,0.0,0.0,0.0,0.0,0.0,0.0,0.0
palm_up_down,sai,5,0.6961510322442117,0.3333534183858998,0.09148460606313347,2.8748682040456544,365.7909674039672,0.0,0.0,0.0,0.0,0.0,3.923291399457879,24.274691761905498,-61.08305115531676,69.40463929286815,371256.8655819179,0.0,0.0,0.0,0.0,0.0,7.675,2.3117904316784426,3.0,13.0,5140.0,0.0,0.0,0.0,0.0,0.0,0.0,0.0,0.0,0.0,0.0,0.0,0.0,0.0,0.0,0.0,0.0,0.0,0.0,0.0,0.0,0.0,0.0,0.0,0.0,0.0,0.0,0.0,0.0,0.0,0.0
palm_up_down,sai,6,0.6916125712018141,0.39171580229132485,0.09148460606313347,2.727757875932524,297.5633018706958,0.0,0.0,0.0,0.0,0.0,4.917949382541528,23.13912245715045,-64.24265130816836,69.01792371285673,263574.05589585134,0.0,0.0,0.0,0.0,0.0,6.28,1.8659046063504963,3.0,11.0,3219.0,0.0,0.0,0.0,0.0,0.0,0.0,0.0,0.0,0.0,0.0,0.0,0.0,0.0,0.0,0.0,0.0,0.0,0.0,0.0,0.0,0.0,0.0,0.0,0.0,0.0,0.0,0.0,0.0,0.0,0.0
palm_up_down,sai,7,0.7393630093555728,0.4026560706294555,0.09145908856288025,2.5914419775242994,416.76826764103225,0.016077918465735096,0.3895371411123908,0.0,9.453816057852237,89.3746380557048,5.009195081114774,23.673758138103146,-65.57518915293856,69.54867621649073,344296.8495283368,0.0,0.0,0.0,0.0,0.0,7.0,1.7525491637693282,4.0,12.0,4374.0,0.0,0.0,0.0,0.0,0.0,0.0,0.0,0.0,0.0,0.0,0.0,0.0,0.0,0.0,0.0,0.0,0.0,0.0,0.0,0.0,0.0,0.0,0.0,0.0,0.0,0.0,0.0,0.0,0.0,0.0
palm_up_down,sai,8,0.7149596255897336,0.35606204187752405,0.09155290899781621,2.6641044727266854,453.58063260536596,0.0,0.0,0.0,0.0,0.0,3.70157537606389,19.647472812999084,-66.27189562442106,67.74156353204381,284204.36707177886,0.0,0.0,0.0,0.0,0.0,6.522935779816514,1.9375399624181975,3.0,12.0,5047.0,0.0,0.0,0.0,0.0,0.0,0.0,0.0,0.0,0.0,0.0,0.0,0.0,0.0,0.0,0.0,0.0,0.0,0.0,0.0,0.0,0.0,0.0,0.0,0.0,0.0,0.0,0.0,0.0,0.0,0.0
palm_up_down,sai,9,0.6995110692431302,0.4615874488030868,0.09151448395133084,2.7198714183123407,391.9273195585049,0.0,0.0,0.0,0.0,0.0,1.184699933424687,22.063461292211496,-50.10522199455174,68.84210300624059,272415.5096738456,0.0,0.0,0.0,0.0,0.0,6.804878048780488,2.4367062154165917,3.0,15.0,4284.0,0.0,0.0,0.0,0.0,0.0,0.0,0.0,0.0,0.0,0.0,0.0,0.0,0.0,0.0,0.0,0.0,0.0,0.0,0.0,0.0,0.0,0.0,0.0,0.0,0.0,0.0,0.0,0.0,0.0,0.0
palm_up_down,sai,10,0.6365019533538337,0.3917321018262438,0.09149980831311734,3.55990760886512,297.72781772763324,0.0,0.0,0.0,0.0,0.0,2.2127899633015313,23.608401764150113,-58.65270587108776,69.54867621649073,299680.8880578212,0.0,0.0,0.0,0.0,0.0,7.301369863013699,2.249413509600659,1.0,13.0,4261.0,0.0,0.0,0.0,0.0,0.0,0.0,0.0,0.0,0.0,0.0,0.0,0.0,0.0,0.0,0.0,0.0,0.0,0.0,0.0,0.0,0.0,0.0,0.0,0.0,0.0,0.0,0.0,0.0,0.0,0.0
palm_up_down,sai,11,0.6659417236272765,0.5944858507216579,0.001087682699614445,7.614175042872215,427.13400800309387,0.0547855143097999,0.6779985480117949,0.0,10.291049007413676,247.99834725478019,-1.0551442078383464,27.096313189133323,-68.56427106281308,90.0,394133.4055102132,0.2871053523754865,3.759208329645215,-15.47725578478062,63.609228966514834,7618.745137483626,7.342465753424658,2.2828675675603596,4.0,14.0,4316.0,0.0,0.0,0.0,0.0,0.0,0.0,0.0,0.0,0.0,0.0,0.0,0.0,0.0,0.0,0.0,0.0,0.0,0.0,0.0,0.0,0.0,0.0,0.0,0.0,0.0,0.0,0.0,0.0,0.0,0.0
palm_up_down,sai,12,0.6772616562582757,0.3615198824590747,0.09148460606313347,2.703475969074407,316.4970473541473,0.0,0.0,0.0,0.0,0.0,-4.442661327654209,27.751037046776418,-64.30330799064454,69.05089591446728,424153.36840511597,0.0,0.0,0.0,0.0,0.0,7.065789473684211,1.8448757361932155,3.0,12.0,4053.0,0.0,0.0,0.0,0.0,0.0,0.0,0.0,0.0,0.0,0.0,0.0,0.0,0.0,0.0,0.0,0.0,0.0,0.0,0.0,0.0,0.0,0.0,0.0,0.0,0.0,0.0,0.0,0.0,0.0,0.0
palm_up_down,sai,13,0.6961959492473297,0.36677709518538376,0.09145646649858136,2.701416035603405,320.1337606846266,0.0,0.0,0.0,0.0,0.0,5.1870302917145645,24.734160077967722,-65.83708100575515,69.19529946377328,330199.6062910132,0.0,0.0,0.0,0.0,0.0,7.180555555555555,2.567566881574465,2.0,14.0,4187.0,0.0,0.0,0.0,0.0,0.0,0.0,0.0,0.0,0.0,0.0,0.0,0.0,0.0,0.0,0.0,0.0,0.0,0.0,0.0,0.0,0.0,0.0,0.0,0.0,0.0,0.0,0.0,0.0,0.0,0.0
palm_up_down,sai,14,0.6962324731230124,0.2878423572800181,0.08758378787928184,2.579417127331507,412.07243035401575,0.0,0.0,0.0,0.0,0.0,-2.714506495641838,22.8365465565339,-55.24740637179395,66.15628320088379,383964.26940826967,0.0,0.0,0.0,0.0,0.0,6.258620689655173,2.1620579662042156,1.0,11.0,5086.0,0.0,0.0,0.0,0.0,0.0,0.0,0.0,0.0,0.0,0.0,0.0,0.0,0.0,0.0,0.0,0.0,0.0,0.0,0.0,0.0,0.0,0.0,0.0,0.0,0.0,0.0,0.0,0.0,0.0,0.0
palm_up_down,sai,15,0.7225519812668011,0.4729678469617707,0.08304554967260028,2.7413296641629823,246.85316341432895,0.0,0.0,0.0,0.0,0.0,6.876837881753892,20.152476336532448,-37.332353537137635,69.19529946377328,150079.7697780669,0.0,0.0,0.0,0.0,0.0,6.490196078431373,1.92376824884879,3.0,12.0,2337.0,0.0,0.0,0.0,0.0,0.0,0.0,0.0,0.0,0.0,0.0,0.0,0.0,0.0,0.0,0.0,0.0,0.0,0.0,0.0,0.0,0.0,0.0,0.0,0.0,0.0,0.0,0.0,0.0,0.0,0.0
palm_up_down,sai,16,0.6632696289764194,0.13449258432182631,0.11380435811919482,1.6954170645608573,123.20599625326167,0.0,0.0,0.0,0.0,0.0,11.983763708220337,17.409931654080204,-55.206448514327384,52.48156157247998,120166.68814702056,0.0,0.0,0.0,0.0,0.0,5.173076923076923,1.5407434999195613,2.0,8.0,1515.0,0.0,0.0,0.0,0.0,0.0,0.0,0.0,0.0,0.0,0.0,0.0,0.0,0.0,0.0,0.0,0.0,0.0,0.0,0.0,0.0,0.0,0.0,0.0,0.0,0.0,0.0,0.0,0.0,0.0,0.0
palm_up_down,sai,17,0.793235193384913,0.5431878111645998,0.09148460606313347,2.8362599855376778,451.9705093386506,0.0,0.0,0.0,0.0,0.0,10.8640619738013,22.07571122748381,-60.782408156856675,69.65354060194552,296023.42082845676,0.0,0.0,0.0,0.0,0.0,6.037037037037037,2.0393925774720305,1.0,13.0,3289.0,0.0,0.0,0.0,0.0,0.0,0.0,0.0,0.0,0.0,0.0,0.0,0.0,0.0,0.0,0.0,0.0,0.0,0.0,0.0,0.0,0.0,0.0,0.0,0.0,0.0,0.0,0.0,0.0,0.0,0.0
palm_up_down,sai,18,0.6847671075029294,0.4278788032647628,0.09147744090856083,3.0534607595266565,475.94997111488624,0.0,0.0,0.0,0.0,0.0,10.203356414912813,22.428030604253838,-64.78695835583814,69.54867621649073,443201.27840801515,0.0,0.0,0.0,0.0,0.0,5.703125,2.0130797883777483,1.0,13.0,4682.0,0.0,0.0,0.0,0.0,0.0,0.0,0.0,0.0,0.0,0.0,0.0,0.0,0.0,0.0,0.0,0.0,0.0,0.0,0.0,0.0,0.0,0.0,0.0,0.0,0.0,0.0,0.0,0.0,0.0,0.0
palm_up_down,sai,19,0.7734204876320121,0.49091163588284115,0.09148460606313347,2.7079349486028046,727.5634114378704,0.0,0.0,0.0,0.0,0.0,4.217219486329716,19.797546088530503,-53.97028686565264,69.40463929286815,355233.9777373604,0.0,0.0,0.0,0.0,0.0,6.826771653543307,1.8743796377996784,2.0,12.0,6365.0,0.0,0.0,0.0,0.0,0.0,0.0,0.0,0.0,0.0,0.0,0.0,0.0,0.0,0.0,0.0,0.0,0.0,0.0,0.0,0.0,0.0,0.0,0.0,0.0,0.0,0.0,0.0,0.0,0.0,0.0
palm_up_down,sai,20,0.6737944021826554,0.4529413820375468,0.0914711490905592,2.9145679848284285,425.8139956156981,0.0,0.0,0.0,0.0,0.0,1.7883039401928058,23.218600150438743,-58.28393477046186,68.630889878333,350326.71985778725,0.0,0.0,0.0,0.0,0.0,6.271844660194175,2.118774947190102,1.0,12.0,4514.0,0.0,0.0,0.0,0.0,0.0,0.0,0.0,0.0,0.0,0.0,0.0,0.0,0.0,0.0,0.0,0.0,0.0,0.0,0.0,0.0,0.0,0.0,0.0,0.0,0.0,0.0,0.0,0.0,0.0,0.0
pull,nav,1,0.0,0.0,0.0,0.0,0.0,0.0,0.0,0.0,0.0,0.0,0.0,0.0,0.0,0.0,0.0,0.0,0.0,0.0,0.0,0.0,0.0,0.0,0.0,0.0,0.0,0.25546933962264146,0.5475514053609684,-0.911,1.259,154.79270100000002,0.2731981132075472,0.15606689541826804,0.015,0.801,41.97349199999999,0.7688514150943395,0.14032917533723233,0.369,1.255,258.98970499999996,1.4287264150943395,38.343404284851474,-178.99,125.06,624237.3544000001,-17.897122641509437,44.32153261692629,-164.49,45.53,968715.027,7.865518867924528,29.73078702121065,-144.26,85.24,401013.29959999997
pull,nav,2,0.0,0.0,0.0,0.0,0.0,0.0,0.0,0.0,0.0,0.0,0.0,0.0,0.0,0.0,0.0,0.0,0.0,0.0,0.0,0.0,0.0,0.0,0.0,0.0,0.0,-0.10490952380952383,0.5470929375254715,-1.038,1.173,130.33301,0.2692309523809524,0.16253032389313465,-0.219,0.899,41.538593000000006,0.8248666666666665,0.20814103811125703,0.422,1.451,303.965638,-2.68404761904762,47.828537788125125,-163.52,185.89,963804.7182,-38.87607142857143,60.5764969002763,-210.24,40.83,2175961.5807000003,21.88742857142857,35.72124729274805,-68.73,153.02,737128.1558
pull,nav,3,0.0,0.0,0.0,0.0,0.0,0.0,0.0,0.0,0.0,0.0,0.0,0.0,0.0,0.0,0.0,0.0,0.0,0.0,0.0,0.0,0.0,0.0,0.0,0.0,0.0,-0.3564833333333334,0.5661519165200848,-0.987,1.19,187.99551100000002,0.2812642857142857,0.12318551306566734,-0.192,0.71,39.599393,0.6967404761904761,0.2094551134543012,0.343,1.21,222.313869,0.22421428571428562,44.560729001493655,-229.13,114.87,833997.7133,-14.997761904761905,47.295455452078066,-165.78,80.51,1033953.0468,3.6210714285714283,38.65746776306023,-116.76,92.1,633155.0283
pull,nav,4,0.0,0.0,0.0,0.0,0.0,0.0,0.0,0.0,0.0,0.0,0.0,0.0,0.0,0.0,0.0,0.0,0.0,0.0,0.0,0.0,0.0,0.0,0.0,0.0,0.0,-0.31755319148936173,0.5904953775482836,-1.004,1.017,190.148999,0.33142553191489366,0.10629168801699375,0.014,0.732,51.242561,0.6639479905437353,0.1881262896065187,0.412,1.126,201.44039799999996,-5.836028368794327,36.323206511417226,-179.27,64.06,572502.8182000001,-15.867352245862884,39.84395602547623,-133.73,59.08,778029.6947,6.1633806146572105,41.53955964810178,-122.04,114.17,745969.9228999999
pull,nav,5,0.0,0.0,0.0,0.0,0.0,0.0,0.0,0.0,0.0,0.0,0.0,0.0,0.0,0.0,0.0,0.0,0.0,0.0,0.0,0.0,0.0,0.0,0.0,0.0,0.0,0.12034823529411766,0.4492444126103202,-0.881,1.093,91.929302,0.44800705882352937,0.1287902350958929,0.026,1.074,92.351331,0.8008070588235293,0.1268334728394912,0.388,1.239,279.385937,-0.03675294117647033,29.88351971233953,-119.72,110.75,379536.093,-15.750776470588239,45.03348677814203,-155.13,108.37,967343.3036,5.279811764705882,35.97077828999669,-95.37,135.41,561753.6538
pull,nav,6,0.0,0.0,0.0,0.0,0.0,0.0,0.0,0.0,0.0,0.0,0.0,0.0,0.0,0.0,0.0,0.0,0.0,0.0,0.0,0.0,0.0,0.0,0.0,0.0,0.0,-0.0013356973995271898,0.5075420683421653,-0.996,0.94,108.96511100000001,0.4602624113475177,0.16684204866205166,-0.134,0.836,101.383691,0.7532931442080377,0.1909343187236734,0.304,1.324,255.45243900000003,-5.371442080378252,37.26318932952297,-195.41,68.48,599559.214,-14.463026004728134,49.89682473367288,-201.73,76.11,1141622.9574,13.98210401891253,39.653367149662905,-113.16,116.31,747816.9451
pull,nav,7,0.0,0.0,0.0,0.0,0.0,0.0,0.0,0.0,0.0,0.0,0.0,0.0,0.0,0.0,0.0,0.0,0.0,0.0,0.0,0.0,0.0,0.0,0.0,0.0,0.0,-0.2885602836879433,0.6453012641729303,-1.014,0.893,211.364961,0.3352813238770686,0.13374660705763486,-0.075,0.817,55.117627999999996,0.6269905437352246,0.23165347664974165,0.377,1.329,188.98814099999998,-2.2036170212765955,29.991712305430642,-177.1,91.95,382543.74489999993,-17.891513002364064,48.93821759088938,-173.41,59.82,1148468.4251,11.270425531914897,30.70979403161657,-58.93,96.13,452658.19709999993
pull,nav,8,0.0,0.0,0.0,0.0,0.0,0.0,0.0,0.0,0.0,0.0,0.0,0.0,0.0,0.0,0.0,0.0,0.0,0.0,0.0,0.0,0.0,0.0,0.0,0.0,0.0,0.18767612293144212,0.454332499827112,-0.957,1.094,102.213867,0.3806052009456265,0.12724601614758882,-0.331,0.694,68.12494000000001,0.7879787234042553,0.10889586420051897,0.432,1.027,267.661193,-2.3373286052009457,35.00182629755034,-158.3,92.5,520539.97150000004,-15.679976359338063,42.41937430084384,-130.59,61.19,865147.0843,8.207517730496455,27.712842696834983,-69.67,71.17,353359.394
pull,nav,9,0.0,0.0,0.0,0.0,0.0,0.0,0.0,0.0,0.0,0.0,0.0,0.0,0.0,0.0,0.0,0.0,0.0,0.0,0.0,0.0,0.0,0.0,0.0,0.0,0.0,0.04144339622641508,0.5680020733118665,-1.063,0.918,137.521818,0.4180754716981132,0.13476766857337125,0.062,0.968,81.810556,0.7437311320754717,0.1716477260582923,0.163,1.397,247.02195,-0.0038915094339619424,43.600344578410784,-317.0,77.97,806019.7865,-11.767877358490566,53.86768383300073,-160.92,104.13,1289049.1668,5.4084905660377345,44.96118929179843,-140.81,105.41,869522.3726
pull,nav,10,0.0,0.0,0.0,0.0,0.0,0.0,0.0,0.0,0.0,0.0,0.0,0.0,0.0,0.0,0.0,0.0,0.0,0.0,0.0,0.0,0.0,0.0,0.0,0.0,0.0,0.07702122641509433,0.4836455382042835,-1.002,0.854,101.69439700000001,0.3856533018867924,0.11842064092312925,-0.057,0.691,69.006813,0.7933820754716981,0.16518277543785487,0.327,1.299,278.45795799999996,-0.6353301886792461,39.00588324498195,-190.56,95.89,645269.7306,-13.716061320754717,47.81222445036904,-201.24,39.89,1049034.9975,14.853537735849057,30.83757163391563,-46.14,125.25,496751.3648
pull,nav,11,0.0,0.0,0.0,0.0,0.0,0.0,0.0,0.0,0.0,0.0,0.0,0.0,0.0,0.0,0.0,0.0,0.0,0.0,0.0,0.0,0.0,0.0,0.0,0.0,0.0,-0.06445714285714285,0.5536531367041218,-0.947,0.936,130.488338,0.36295714285714287,0.21287034522814824,-0.797,1.42,74.36170200000001,0.7375595238095237,0.15922527850206122,0.344,1.066,239.125631,-2.7038571428571427,41.080085505296225,-114.17,189.34,711851.3928,-7.152714285714282,54.99597524030875,-136.66,82.71,1291801.818,-7.057785714285715,40.13862279771117,-103.46,73.52,697586.9793
pull,nav,12,0.0,0.0,0.0,0.0,0.0,0.0,0.0,0.0,0.0,0.0,0.0,0.0,0.0,0.0,0.0,0.0,0.0,0.0,0.0,0.0,0.0,0.0,0.0,0.0,0.0,0.13911556603773584,0.4808624949015898,-0.871,1.102,106.24671699999999,0.38701650943396226,0.15617017873921574,0.006,0.718,73.848463,0.7975896226415095,0.13494714718666662,0.386,1.289,277.448614,-3.0478537735849054,25.920809660574843,-74.34,84.93,288819.3813,-14.393018867924527,47.83969330492283,-151.25,99.64,1058217.185,6.204740566037736,35.16121091820617,-103.73,119.69,540519.2529
pull,nav,13,0.0,0.0,0.0,0.0,0.0,0.0,0.0,0.0,0.0,0.0,0.0,0.0,0.0,0.0,0.0,0.0,0.0,0.0,0.0,0.0,0.0,0.0,0.0,0.0,0.0,0.2761394799054374,0.43869223440407906,-0.916,0.781,113.661745,0.3374539007092198,0.15533603360408138,-0.101,0.548,58.37586900000001,0.7966359338061465,0.11506751984149637,0.483,1.156,274.04873299999997,1.5845862884160755,23.10073551491434,-129.15,67.26,226793.52060000002,-20.86936170212766,43.590881345437474,-165.14,75.17,987999.0671999999,7.528770685579195,20.846887458133786,-67.17,77.09,207809.3693
pull,nav,14,0.0,0.0,0.0,0.0,0.0,0.0,0.0,0.0,0.0,0.0,0.0,0.0,0.0,0.0,0.0,0.0,0.0,0.0,0.0,0.0,0.0,0.0,0.0,0.0,0.0,-0.08133491686460807,0.5768651702502032,-0.899,0.83,142.882682,0.3339548693586699,0.13619341547696873,-0.125,0.896,54.761365,0.748273159144893,0.14868848325119197,-0.121,1.132,245.030835,2.8380285035629464,32.083887123879016,-134.4,102.88,436758.1221,-2.780855106888363,59.88313630330808,-151.19,126.44,1512957.454,-4.779121140142517,40.65436917425754,-117.71,65.98,705435.0651
pull,nav,15,0.0,0.0,0.0,0.0,0.0,0.0,0.0,0.0,0.0,0.0,0.0,0.0,0.0,0.0,0.0,0.0,0.0,0.0,0.0,0.0,0.0,0.0,0.0,0.0,0.0,-0.2865119047619048,0.611528134579339,-0.993,1.096,191.54340699999997,0.28514285714285714,0.14701097649796208,-0.198,0.739,43.225843999999995,0.6820285714285714,0.20142610400379998,0.434,1.4,212.408888,-0.8812142857142857,32.94958858333779,-109.93,82.28,456309.8091,-8.833261904761908,61.099103777839616,-197.7,108.95,1600673.3393,-4.471047619047622,43.21370308845078,-103.79,131.84,792714.0486
pull,nav,16,0.0,0.0,0.0,0.0,0.0,0.0,0.0,0.0,0.0,0.0,0.0,0.0,0.0,0.0,0.0,0.0,0.0,0.0,0.0,0.0,0.0,0.0,0.0,0.0,0.0,0.28877304964539,0.5514430589929512,-1.092,1.227,163.903753,0.3730236406619385,0.18601627933787881,-0.441,1.323,73.495697,0.7235413711583925,0.1959544805660536,0.376,1.505,237.688046,3.584633569739951,30.89044408071899,-118.2,98.79,409070.24340000004,-13.505035460992907,57.246844652213596,-173.41,145.02,1463405.3879,0.8426713947990551,42.912196442293045,-136.57,102.79,779236.5134999999
pull,nav,17,0.0,0.0,0.0,0.0,0.0,0.0,0.0,0.0,0.0,0.0,0.0,0.0,0.0,0.0,0.0,0.0,0.0,0.0,0.0,0.0,0.0,0.0,0.0,0.0,0.0,0.1603156626506024,0.5118202424660976,-1.489,0.94,119.379345,0.25748192771084333,0.16505913956188684,-0.396,0.825,38.819706999999994,0.8259927710843373,0.15509531448193012,0.427,1.161,293.122225,-3.4376626506024106,46.64500825144917,-304.88,124.0,907843.3425000001,-3.0303132530120487,67.80032634991431,-154.18,167.36,1911517.8264,-7.186650602409638,47.47427584592301,-159.31,70.28,956763.7477999999
pull,nav,18,0.0,0.0,0.0,0.0,0.0,0.0,0.0,0.0,0.0,0.0,0.0,0.0,0.0,0.0,0.0,0.0,0.0,0.0,0.0,0.0,0.0,0.0,0.0,0.0,0.0,-0.1025775656324582,0.6167281407493618,-0.873,1.272,163.776942,0.2989260143198091,0.18896444783400976,-0.853,0.787,52.401952,0.7251312649164677,0.18537615619338652,0.277,1.373,234.715282,5.233794749403342,42.15558468868325,-177.86,173.89,756079.6038,-9.945369928400952,55.993556235507604,-177.5,91.19,1355125.0749000001,-8.33894988066826,48.314510525288405,-150.49,86.4,1007204.7751999999
pull,nav,19,0.0,0.0,0.0,0.0,0.0,0.0,0.0,0.0,0.0,0.0,0.0,0.0,0.0,0.0,0.0,0.0,0.0,0.0,0.0,0.0,0.0,0.0,0.0,0.0,0.0,0.178,0.5570885223637343,-0.979,1.513,144.679376,0.3988179669030733,0.15212200360168437,-0.32,0.832,77.069278,0.7288510638297871,0.15017264782148113,0.368,1.446,234.24712,1.0637588652482264,37.752230229343695,-214.21,123.87,603351.3249,-15.374940898345155,49.722477866035106,-157.44,103.27,1145785.8582,10.589621749408984,34.118279202554326,-83.16,107.82,539831.3582999998
pull,nav,20,0.0,0.0,0.0,0.0,0.0,0.0,0.0,0.0,0.0,0.0,0.0,0.0,0.0,0.0,0.0,0.0,0.0,0.0,0.0,0.0,0.0,0.0,0.0,0.0,0.0,-0.037095011876484604,0.6043767528465125,-0.954,0.974,154.358513,0.34378859857482186,0.1392761758940495,-0.032,0.652,57.924739,0.7376935866983373,0.18207659029434936,0.311,1.326,243.06170300000002,-4.26496437054632,39.8340430959409,-232.55,75.2,675680.1233,-3.3066983372921634,61.360227404657486,-158.97,133.21,1589700.9514000001,-5.846959619952494,50.85401265959936,-129.0,86.98,1103153.6845
push,nav,1,0.0,0.0,0.0,0.0,0.0,0.0,0.0,0.0,0.0,0.0,0.0,0.0,0.0,0.0,0.0,0.0,0.0,0.0,0.0,0.0,0.0,0.0,0.0,0.0,0.0,-0.2211297169811321,0.610101557169212,-0.857,0.836,178.55583900000002,0.40597405660377356,0.16249409796700312,-0.016,1.299,81.076969,0.5963608490566038,0.19754070389066333,0.387,1.131,167.33948300000003,-5.290518867924529,19.59817373843082,-76.14,49.56,174721.0736,-7.494551886792452,38.791865190886014,-157.63,52.43,661854.2959,11.422122641509436,49.13065260795008,-78.37,185.64,1078777.2264
push,nav,2,0.0,0.0,0.0,0.0,0.0,0.0,0.0,0.0,0.0,0.0,0.0,0.0,0.0,0.0,0.0,0.0,0.0,0.0,0.0,0.0,0.0,0.0,0.0,0.0,0.0,-0.21782619047619053,0.6347761553565927,-0.866,0.971,189.163387,0.3702547619047619,0.1519828290777189,-0.094,0.768,67.278695,0.5937714285714285,0.1641484523891977,0.422,1.064,159.393874,-4.638357142857142,16.94727827329359,-54.41,57.68,129664.33110000001,-8.879857142857142,41.88738493444367,-141.91,69.73,770030.0494000001,11.24519047619048,50.03245647255394,-126.32,130.07,1104474.424
push,nav,3,0.0,0.0,0.0,0.0,0.0,0.0,0.0,0.0,0.0,0.0,0.0,0.0,0.0,0.0,0.0,0.0,0.0,0.0,0.0,0.0,0.0,0.0,0.0,0.0,0.0,0.10257109004739337,0.4614292944334712,-0.876,1.017,94.29076100000002,0.34816587677725114,0.1460960891729297,-0.003,0.831,60.161816,0.7794620853080568,0.15915117625612563,0.435,1.104,267.07968099999994,-3.087298578199052,22.261319700045377,-93.6,58.44,213151.2578,-6.9269194312796225,49.62006284237919,-146.55,110.02,1059276.0624,7.977748815165876,45.739284487255595,-118.05,123.6,909716.6343
push,nav,4,0.0,0.0,0.0,0.0,0.0,0.0,0.0,0.0,0.0,0.0,0.0,0.0,0.0,0.0,0.0,0.0,0.0,0.0,0.0,0.0,0.0,0.0,0.0,0.0,0.0,0.22486524822695042,0.40943323947456994,-0.809,0.945,92.298582,0.3604940898345153,0.15943914507302906,-0.053,0.844,65.724399,0.7908557919621749,0.16783706922046346,0.399,1.165,276.48217600000004,-1.3484869976359337,25.312339053298132,-82.74,99.0,271791.4275,-13.207635933806147,53.28463219778986,-155.92,107.03,1274792.4246999999,6.838132387706855,47.57032896845333,-156.16,122.17,977001.5148999998
push,nav,5,0.0,0.0,0.0,0.0,0.0,0.0,0.0,0.0,0.0,0.0,0.0,0.0,0.0,0.0,0.0,0.0,0.0,0.0,0.0,0.0,0.0,0.0,0.0,0.0,0.0,-0.1682714285714286,0.6255873717234579,-0.988,1.099,176.26343,0.41432142857142856,0.1531547117502185,-0.099,1.057,81.949817,0.6304285714285713,0.14919915467288025,0.199,1.155,176.27424000000002,-1.7855238095238095,45.794288664083794,-165.38,162.21,882128.0872000001,-5.22104761904762,45.69064830697873,-171.21,59.11,888255.7660000001,12.972952380952382,55.89086490949183,-125.55,141.51,1382676.235
push,nav,6,0.0,0.0,0.0,0.0,0.0,0.0,0.0,0.0,0.0,0.0,0.0,0.0,0.0,0.0,0.0,0.0,0.0,0.0,0.0,0.0,0.0,0.0,0.0,0.0,0.0,0.08588095238095238,0.4928674265087709,-0.964,0.845,105.123412,0.4441309523809523,0.13127649662357554,0.099,0.783,90.084045,0.7180333333333332,0.13457279436842717,0.435,1.004,224.14631600000004,-1.2604999999999997,17.424964480048516,-53.83,49.07,128191.66390000001,-21.412619047619046,47.350401660664964,-145.88,53.59,1134235.5326,20.90142857142857,55.48373316616701,-109.93,170.81,1476432.0322
push,nav,7,0.0,0.0,0.0,0.0,0.0,0.0,0.0,0.0,0.0,0.0,0.0,0.0,0.0,0.0,0.0,0.0,0.0,0.0,0.0,0.0,0.0,0.0,0.0,0.0,0.0,0.31771052631578944,0.39439640143914095,-0.874,0.939,107.21219299999998,0.36058612440191395,0.21068994316759732,-0.192,1.161,72.904469,0.7605406698564593,0.15733501124107985,0.402,1.397,252.12774199999998,-5.849234449760766,26.380645351747905,-84.75,92.65,305203.533,-17.618923444976076,59.18339206002797,-137.97,141.21,1593875.9501,17.556435406698565,64.84739882910748,-179.6,147.28,1886606.8677
push,nav,8,0.0,0.0,0.0,0.0,0.0,0.0,0.0,0.0,0.0,0.0,0.0,0.0,0.0,0.0,0.0,0.0,0.0,0.0,0.0,0.0,0.0,0.0,0.0,0.0,0.0,-0.08815274463007161,0.5013139256860306,-0.863,0.902,108.557268,0.3925871121718377,0.12246575255921281,0.009,0.78,70.862328,0.7390644391408114,0.17522707572509316,0.356,1.12,241.729804,2.1268257756563256,32.78262291736219,-154.09,114.72,452194.7526,5.366515513126491,47.55298245247773,-108.8,105.38,959545.8785,2.2974463007159898,45.092730871928424,-119.75,107.49,854187.0749
push,nav,9,0.0,0.0,0.0,0.0,0.0,0.0,0.0,0.0,0.0,0.0,0.0,0.0,0.0,0.0,0.0,0.0,0.0,0.0,0.0,0.0,0.0,0.0,0.0,0.0,0.0,-0.15153444180522563,0.6134483946504976,-0.974,0.768,168.097562,0.41051068883610453,0.1254842894265042,0.081,0.981,77.575705,0.626,0.15367457982555402,0.405,1.101,174.92208,-1.414323040380047,23.99173020289333,-70.47,56.64,243171.0431,-7.030546318289787,38.167329401836355,-109.41,104.22,634099.092,11.665011876484561,42.59273824686146,-89.02,134.59,821040.0323
push,nav,10,0.0,0.0,0.0,0.0,0.0,0.0,0.0,0.0,0.0,0.0,0.0,0.0,0.0,0.0,0.0,0.0,0.0,0.0,0.0,0.0,0.0,0.0,0.0,0.0,0.0,-0.25998574821852727,0.5660061898272646,-0.912,0.85,163.329306,0.42740855106888365,0.15874706669978686,-0.37,1.458,87.51693300000001,0.6240095011876485,0.19101657016080625,0.302,1.165,179.293454,-2.0271258907363414,32.29746079686093,-120.79,126.62,440886.02479999996,-11.025700712589073,34.624463806211814,-112.4,74.04,555896.639,10.01209026128266,49.463929364941094,-192.48,126.32,1072254.2713000001
push,nav,11,0.0,0.0,0.0,0.0,0.0,0.0,0.0,0.0,0.0,0.0,0.0,0.0,0.0,0.0,0.0,0.0,0.0,0.0,0.0,0.0,0.0,0.0,0.0,0.0,0.0,-0.13083451536643032,0.6109128743042845,-1.008,0.868,165.110525,0.4167257683215129,0.1217574827592178,0.013,1.164,79.72926100000001,0.6221040189125295,0.15863531056135638,0.427,1.142,174.351536,-5.951749408983452,24.45843080824088,-109.62,98.36,268028.9411,-10.707304964539006,34.89430513419417,-125.77,80.42,563545.5191,10.290094562647752,47.6213382401526,-151.1,146.52,1004065.7525
push,nav,12,0.0,0.0,0.0,0.0,0.0,0.0,0.0,0.0,0.0,0.0,0.0,0.0,0.0,0.0,0.0,0.0,0.0,0.0,0.0,0.0,0.0,0.0,0.0,0.0,0.0,-0.16549526066350703,0.5997394131801032,-0.841,0.866,163.346091,0.42137440758293837,0.1234933546152493,0.103,1.059,81.364554,0.6179383886255924,0.16493355259849019,0.359,0.965,172.61949199999998,-3.5677251184834127,25.277372522664585,-76.63,89.48,275006.52259999997,-9.131943127962087,32.72751911768842,-106.54,47.18,487191.78079999995,12.335947867298579,44.35914381208634,-71.6,154.21,894601.7032999999
push,nav,13,0.0,0.0,0.0,0.0,0.0,0.0,0.0,0.0,0.0,0.0,0.0,0.0,0.0,0.0,0.0,0.0,0.0,0.0,0.0,0.0,0.0,0.0,0.0,0.0,0.0,-0.22837440758293837,0.6157737452316331,-0.909,0.88,182.022178,0.36084123222748815,0.13362613511999516,-0.066,1.031,62.482307000000006,0.6359952606635071,0.15321978754414925,0.414,1.03,180.601768,-2.9987677725118482,21.700291181091895,-77.55,64.0,202515.79359999998,-8.357890995260664,37.88017898907082,-146.4,62.38,635009.6915,10.343502369668247,39.953083238402684,-106.69,99.55,718765.972444
push,nav,14,0.0,0.0,0.0,0.0,0.0,0.0,0.0,0.0,0.0,0.0,0.0,0.0,0.0,0.0,0.0,0.0,0.0,0.0,0.0,0.0,0.0,0.0,0.0,0.0,0.0,0.23767703349282293,0.527238275849152,-0.853,0.902,139.808699,0.3992464114832536,0.14742736123660877,-0.117,0.747,75.71339499999999,0.6795191387559808,0.11130799490333926,0.459,1.0,198.188735,-9.302990430622009,27.74744588280239,-90.27,91.59,358002.9485,-20.436626794258373,46.07432801223885,-118.53,67.66,1061928.7560999999,18.66672248803828,47.34140402387423,-94.12,112.67,1082475.8165
push,nav,15,0.0,0.0,0.0,0.0,0.0,0.0,0.0,0.0,0.0,0.0,0.0,0.0,0.0,0.0,0.0,0.0,0.0,0.0,0.0,0.0,0.0,0.0,0.0,0.0,0.0,-0.18160849056603776,0.607363842590585,-0.949,0.907,170.393932,0.3652665094339623,0.12423977202914406,-0.098,0.794,63.114581,0.6467429245283018,0.17756866183794603,0.405,1.054,190.71818499999998,-3.776816037735849,26.533188749047348,-86.52,67.84,304548.3645,-12.820589622641506,39.62975071671946,-153.81,69.03,735591.0959000001,10.30634433962264,43.76789061246211,-129.4,112.31,857263.9685
push,nav,16,0.0,0.0,0.0,0.0,0.0,0.0,0.0,0.0,0.0,0.0,0.0,0.0,0.0,0.0,0.0,0.0,0.0,0.0,0.0,0.0,0.0,0.0,0.0,0.0,0.0,-0.1995510688836105,0.6052869446772495,-0.911,0.832,171.007217,0.42435391923990495,0.10323006920334522,0.171,0.855,80.29846500000001,0.6185273159144893,0.1554992949389961,0.41,1.098,171.244306,-4.7016864608076006,28.454389443959855,-86.52,78.92,350170.17449999996,-9.031710213776723,36.36046106234927,-107.79,67.6,590938.7205,7.602185273159145,45.90432167229685,-101.47,123.94,911464.987
push,nav,17,0.0,0.0,0.0,0.0,0.0,0.0,0.0,0.0,0.0,0.0,0.0,0.0,0.0,0.0,0.0,0.0,0.0,0.0,0.0,0.0,0.0,0.0,0.0,0.0,0.0,-0.2252494061757719,0.598163433867398,-0.892,0.87,171.993988,0.393021377672209,0.1250064208099237,0.031,0.791,71.608904,0.6456817102137767,0.1727885678811661,0.399,1.127,188.08628,-3.2471258907363416,45.91763282066607,-270.09,95.58,892087.5615999999,-2.9057719714964367,44.24770832328486,-120.09,158.27,827813.6483,10.251567695961995,43.21621851701627,-79.32,116.28,830521.9331
push,nav,18,0.0,0.0,0.0,0.0,0.0,0.0,0.0,0.0,0.0,0.0,0.0,0.0,0.0,0.0,0.0,0.0,0.0,0.0,0.0,0.0,0.0,0.0,0.0,0.0,0.0,-0.22278809523809526,0.6123036014384262,-0.943,0.976,178.311099,0.4438857142857143,0.1257211058756048,0.037,0.929,89.392936,0.5818452380952381,0.16665328237074514,0.262,1.009,153.85322299999999,-4.035714285714286,39.06310509583041,-122.68,168.61,647729.5312,-9.121023809523809,35.04828714175433,-99.22,51.85,550861.7128999999,11.575738095238096,51.98731440208207,-98.85,139.07,1191404.9999000002
push,nav,19,0.0,0.0,0.0,0.0,0.0,0.0,0.0,0.0,0.0,0.0,0.0,0.0,0.0,0.0,0.0,0.0,0.0,0.0,0.0,0.0,0.0,0.0,0.0,0.0,0.0,-0.15709263657957248,0.6128137693329208,-1.001,1.077,168.49212,0.4551496437054632,0.1513435911919792,-0.151,0.946,96.85782,0.5772992874109264,0.17184032726779158,0.305,1.083,152.740301,-3.2904988123515433,28.833194811347145,-90.49,108.92,354557.9928,-9.97605700712589,38.368747050803364,-131.57,85.18,661678.3172,6.832185273159143,43.39988332541069,-147.13,116.58,812626.2525
push,nav,20,0.0,0.0,0.0,0.0,0.0,0.0,0.0,0.0,0.0,0.0,0.0,0.0,0.0,0.0,0.0,0.0,0.0,0.0,0.0,0.0,0.0,0.0,0.0,0.0,0.0,-0.17304976303317535,0.5766134954335161,-0.943,0.795,152.945183,0.4014478672985782,0.1214762312978679,0.014,0.798,74.236917,0.646149289099526,0.15088928801883558,0.374,1.014,185.79667500000002,0.3798578199052126,21.862403834015733,-67.38,44.62,201761.9952,-11.54298578199052,32.71550862137479,-100.99,59.63,507896.0006,10.472511848341231,39.67552571308979,-100.71,124.03,710572.3965999999
raise_arms,sai,2,1.0577155993167786,0.4691805618669874,0.5480883944808824,2.6919560357163466,1620.0601532929682,0.0,0.0,0.0,0.0,0.0,1.9604594787277947,22.82887042357261,-53.22470179408376,62.62229722866828,635250.8786826422,0.0,0.0,0.0,0.0,0.0,8.344827586206897,1.9453899896043452,4.0,13.0,10646.0,0.0,0.0,0.0,0.0,0.0,0.0,0.0,0.0,0.0,0.0,0.0,0.0,0.0,0.0,0.0,0.0,0.0,0.0,0.0,0.0,0.0,0.0,0.0,0.0,0.0,0.0,0.0,0.0,0.0,0.0
raise_arms,sai,3,0.9484427342333515,0.42501685503323894,0.48935130945568617,2.7000096033491343,460.1579354996943,0.0,0.0,0.0,0.0,0.0,9.630806912017038,22.29508269057692,-65.08319086688252,69.24633404814139,251264.6635853487,0.0,0.0,0.0,0.0,0.0,7.1,1.786057109949175,4.0,11.0,3216.0,0.0,0.0,0.0,0.0,0.0,0.0,0.0,0.0,0.0,0.0,0.0,0.0,0.0,0.0,0.0,0.0,0.0,0.0,0.0,0.0,0.0,0.0,0.0,0.0,0.0,0.0,0.0,0.0,0.0,0.0
raise_arms,sai,4,1.0315418550109219,0.5318807492143297,0.6029466132330048,2.706345115352746,695.0394766924717,0.0,0.0,0.0,0.0,0.0,7.761114236743423,19.667012069982484,-49.41304303985614,64.53345495044599,230665.549105615,0.0,0.0,0.0,0.0,0.0,7.068493150684931,1.6743738729421942,3.0,11.0,3852.0,0.0,0.0,0.0,0.0,0.0,0.0,0.0,0.0,0.0,0.0,0.0,0.0,0.0,0.0,0.0,0.0,0.0,0.0,0.0,0.0,0.0,0.0,0.0,0.0,0.0,0.0,0.0,0.0,0.0,0.0
raise_arms,sai,5,0.9820687866689339,0.41113613567050417,0.5159177116290669,1.876128248735329,631.3550572585314,0.0,0.0,0.0,0.0,0.0,3.16714728440556,22.8939784050022,-47.92835228227929,66.7032781777417,297529.9435053124,0.0,0.0,0.0,0.0,0.0,7.527027027027027,2.4781366854356466,4.0,14.0,4647.0,0.0,0.0,0.0,0.0,0.0,0.0,0.0,0.0,0.0,0.0,0.0,0.0,0.0,0.0,0.0,0.0,0.0,0.0,0.0,0.0,0.0,0.0,0.0,0.0,0.0,0.0,0.0,0.0,0.0,0.0
raise_arms,sai,6,0.9819878590351633,0.43301328522294485,0.6109312508881999,2.728225233738231,465.3274668307006,0.0,0.0,0.0,0.0,0.0,2.8851527761320424,19.238401390190976,-31.631990458597397,60.3016261176639,152889.83861505674,0.0,0.0,0.0,0.0,0.0,7.214285714285714,1.4232042032265197,5.0,11.0,3028.0,0.0,0.0,0.0,0.0,0.0,0.0,0.0,0.0,0.0,0.0,0.0,0.0,0.0,0.0,0.0,0.0,0.0,0.0,0.0,0.0,0.0,0.0,0.0,0.0,0.0,0.0,0.0,0.0,0.0,0.0
raise_arms,sai,7,1.0789020504161815,0.5741978679241954,0.556926268180357,2.7206898849715833,973.9138025004479,0.0,0.0,0.0,0.0,0.0,4.529273770970778,26.368410986378557,-59.98635638830594,64.61588934449989,466706.43708301056,0.0,0.0,0.0,0.0,0.0,8.253164556962025,2.492867569638718,4.0,15.0,5872.0,0.0,0.0,0.0,0.0,0.0,0.0,0.0,0.0,0.0,0.0,0.0,0.0,0.0,0.0,0.0,0.0,0.0,0.0,0.0,0.0,0.0,0.0,0.0,0.0,0.0,0.0,0.0,0.0,0.0,0.0
raise_arms,sai,8,1.0653215747050242,0.5035510265252827,0.5053256474166303,2.733457518000057,915.004164244948,0.0,0.0,0.0,0.0,0.0,4.050534846812577,24.933472295663115,-69.04890788266972,69.30051008515292,420497.93148087256,0.0,0.0,0.0,0.0,0.0,8.036585365853659,2.4764506561748343,4.0,14.0,5799.0,0.0,0.0,0.0,0.0,0.0,0.0,0.0,0.0,0.0,0.0,0.0,0.0,0.0,0.0,0.0,0.0,0.0,0.0,0.0,0.0,0.0,0.0,0.0,0.0,0.0,0.0,0.0,0.0,0.0,0.0
raise_arms,sai,9,1.004874658772452,0.4691395162575768,0.26862697856408374,2.700304834428336,917.4792643058538,0.0,0.0,0.0,0.0,0.0,8.46047768205261,21.594792013885,-50.83049647325045,62.695490710515045,401284.38464967033,0.0,0.0,0.0,0.0,0.0,7.46,2.255748212899658,3.0,13.0,6074.0,0.0,0.0,0.0,0.0,0.0,0.0,0.0,0.0,0.0,0.0,0.0,0.0,0.0,0.0,0.0,0.0,0.0,0.0,0.0,0.0,0.0,0.0,0.0,0.0,0.0,0.0,0.0,0.0,0.0,0.0
raise_arms,sai,10,1.2331842381301616,0.3857202491318489,0.7209418820414573,2.6782161079236517,1420.7644778743145,0.0,0.0,0.0,0.0,0.0,-2.308666404001325,21.35204491934788,-37.14054833586454,65.04127263230205,392515.03814519465,0.0,0.0,0.0,0.0,0.0,9.053191489361701,1.511424727868601,5.0,12.0,7919.0,0.0,0.0,0.0,0.0,0.0,0.0,0.0,0.0,0.0,0.0,0.0,0.0,0.0,0.0,0.0,0.0,0.0,0.0,0.0,0.0,0.0,0.0,0.0,0.0,0.0,0.0,0.0,0.0,0.0,0.0
raise_arms,sai,11,1.1285268977274907,0.38157996293495466,0.5299416653937162,2.9094336592483483,1207.718969183702,0.0,0.0,0.0,0.0,0.0,7.310749968084943,21.736311823758584,-42.31987864055217,66.8527958219132,447553.0835929886,0.0,0.0,0.0,0.0,0.0,8.77319587628866,2.0684430851933118,4.0,14.0,7881.0,0.0,0.0,0.0,0.0,0.0,0.0,0.0,0.0,0.0,0.0,0.0,0.0,0.0,0.0,0.0,0.0,0.0,0.0,0.0,0.0,0.0,0.0,0.0,0.0,0.0,0.0,0.0,0.0,0.0,0.0
raise_arms,sai,12,1.2084212362627857,0.34803090721030966,0.7039922989023568,2.656287374171014,1113.3108072236553,0.0,0.0,0.0,0.0,0.0,-3.416983285496218,22.171305922367974,-36.649086415440784,62.37514257256568,354282.7770779191,0.0,0.0,0.0,0.0,0.0,8.585365853658537,1.7317073170731707,4.0,13.0,6290.0,0.0,0.0,0.0,0.0,0.0,0.0,0.0,0.0,0.0,0.0,0.0,0.0,0.0,0.0,0.0,0.0,0.0,0.0,0.0,0.0,0.0,0.0,0.0,0.0,0.0,0.0,0.0,0.0,0.0,0.0
raise_arms,sai,13,1.2554151911457117,0.3618200893053127,0.7305813280781093,2.674715117473028,1432.1571254356513,0.0,0.0,0.0,0.0,0.0,-0.4783127851128541,22.416720191003662,-32.4164306699952,59.150716708553404,421797.2887561669,0.0,0.0,0.0,0.0,0.0,8.83157894736842,1.5193671229474555,5.0,12.0,7629.0,0.0,0.0,0.0,0.0,0.0,0.0,0.0,0.0,0.0,0.0,0.0,0.0,0.0,0.0,0.0,0.0,0.0,0.0,0.0,0.0,0.0,0.0,0.0,0.0,0.0,0.0,0.0,0.0,0.0,0.0
raise_arms,sai,14,1.2453082886903555,0.3399483968408427,0.6405438601889604,2.6873880572736732,1371.4123429835468,0.0,0.0,0.0,0.0,0.0,3.333220804148525,22.870241340802274,-35.927059896390276,64.82052819889614,439612.2808306621,0.0,0.0,0.0,0.0,0.0,9.459770114942529,2.3282601550195605,4.0,16.0,8257.0,0.0,0.0,0.0,0.0,0.0,0.0,0.0,0.0,0.0,0.0,0.0,0.0,0.0,0.0,0.0,0.0,0.0,0.0,0.0,0.0,0.0,0.0,0.0,0.0,0.0,0.0,0.0,0.0,0.0,0.0
raise_arms,sai,15,1.233662256821237,0.3434144542250415,0.48997504369617945,2.6694029093678666,1367.6399467641431,0.0,0.0,0.0,0.0,0.0,5.456567868214958,20.411896555822985,-39.34415718342428,62.984312038194396,372313.9913576491,0.0,0.0,0.0,0.0,0.0,8.01923076923077,2.32867067242058,2.0,13.0,7252.0,0.0,0.0,0.0,0.0,0.0,0.0,0.0,0.0,0.0,0.0,0.0,0.0,0.0,0.0,0.0,0.0,0.0,0.0,0.0,0.0,0.0,0.0,0.0,0.0,0.0,0.0,0.0,0.0,0.0,0.0
raise_arms,sai,16,1.321032257732193,0.2948343448188434,0.6675962141455736,2.677487992890675,1511.444151404362,0.0,0.0,0.0,0.0,0.0,1.5539739223875366,23.953667882874697,-36.349478670855504,66.33335579470294,475359.25799548166,0.0,0.0,0.0,0.0,0.0,8.088235294117647,1.6574427572789012,5.0,13.0,6953.0,0.0,0.0,0.0,0.0,0.0,0.0,0.0,0.0,0.0,0.0,0.0,0.0,0.0,0.0,0.0,0.0,0.0,0.0,0.0,0.0,0.0,0.0,0.0,0.0,0.0,0.0,0.0,0.0,0.0,0.0
raise_arms,sai,17,1.2614952438779516,0.27551536812919664,0.7354832535822795,2.658663640146373,880.3232953162876,0.0,0.0,0.0,0.0,0.0,1.1509816422573411,23.77324026903615,-38.07655108518947,58.36630217515605,299107.6237407115,0.0,0.0,0.0,0.0,0.0,6.857142857142857,1.4657499805784964,4.0,12.0,3786.0,0.0,0.0,0.0,0.0,0.0,0.0,0.0,0.0,0.0,0.0,0.0,0.0,0.0,0.0,0.0,0.0,0.0,0.0,0.0,0.0,0.0,0.0,0.0,0.0,0.0,0.0,0.0,0.0,0.0,0.0
raise_arms,sai,18,1.1400198711803244,0.2174129216689946,0.6228812144554642,2.7394831700546707,565.7037477817539,0.0,0.0,0.0,0.0,0.0,16.904328245945706,13.778207996154542,-25.460221314218344,62.51430119613576,199750.0381934294,0.0,0.0,0.0,0.0,0.0,5.0,1.4960264830861913,1.0,9.0,2288.0,0.0,0.0,0.0,0.0,0.0,0.0,0.0,0.0,0.0,0.0,0.0,0.0,0.0,0.0,0.0,0.0,0.0,0.0,0.0,0.0,0.0,0.0,0.0,0.0,0.0,0.0,0.0,0.0,0.0,0.0
raise_arms,sai,19,1.2720559765886734,0.2761020038226387,0.6720723565214157,2.6513556081475476,757.3783496681585,0.0,0.0,0.0,0.0,0.0,5.5586589960545885,22.243831058406773,-35.90654541373471,62.86818422449125,234981.95936524414,0.0,0.0,0.0,0.0,0.0,7.095238095238095,1.293626448305345,4.0,11.0,3277.0,0.0,0.0,0.0,0.0,0.0,0.0,0.0,0.0,0.0,0.0,0.0,0.0,0.0,0.0,0.0,0.0,0.0,0.0,0.0,0.0,0.0,0.0,0.0,0.0,0.0,0.0,0.0,0.0,0.0,0.0
raise_arms,sai,20,1.307722989478448,0.3766369813606427,0.6085797164316293,2.663798717751355,764.873866003768,0.0,0.0,0.0,0.0,0.0,0.6629889188213401,24.381341345208245,-31.567145787666412,59.41087499690235,245689.3057204909,0.0,0.0,0.0,0.0,0.0,7.9423076923076925,1.7030906468768154,4.0,12.0,3431.0,0.0,0.0,0.0,0.0,0.0,0.0,0.0,0.0,0.0,0.0,0.0,0.0,0.0,0.0,0.0,0.0,0.0,0.0,0.0,0.0,0.0,0.0,0.0,0.0,0.0,0.0,0.0,0.0,0.0,0.0
