num_points,points,timestamp_ms
7,"[{""range"": 0.5090291277851533, ""doppler"": 0.0, ""angle"": -1.2681112749005408, ""elevation"": 0.0}, {""range"": 0.5558119574420354, ""doppler"": 0.0, ""angle"": -0.8295141354767505, ""elevation"": 0.0}, {""range"": 0.6115814038388261, ""doppler"": 0.0, ""angle"": 0.6365935759634865, ""elevation"": 0.0}, {""range"": 0.6325825421222506, ""doppler"": 0.0, ""angle"": 3.2409206794863215, ""elevation"": 0.0}, {""range"": 0.6442271241550533, ""doppler"": 0.0, ""angle"": 6.006508720225992, ""elevation"": 0.0}, {""range"": 1.8769514384664288, ""doppler"": 0.0, ""angle"": 46.825957285757724, ""elevation"": 0.0}, {""range"": 1.8932018925807972, ""doppler"": 0.0, ""angle"": 53.437483680485144, ""elevation"": 0.0}]",1785098544483.646
9,"[{""range"": 0.5333389309080874, ""doppler"": 0.0, ""angle"": -5.4831315214016945, ""elevation"": 0.0}, {""range"": 0.5605125213466883, ""doppler"": 0.0, ""angle"": -3.1088567963012634, ""elevation"": 0.0}, {""range"": 2.8097708326546096, ""doppler"": 0.0, ""angle"": -2.5350095376916673, ""elevation"": 0.0}, {""range"": 0.6119618167816273, ""doppler"": 0.0, ""angle"": 3.752824534521771, ""elevation"": 0.0}, {""range"": 0.6366676346600797, ""doppler"": 0.0, ""angle"": 6.725818631444477, ""elevation"": 0.0}, {""range"": 0.6481119374892005, ""doppler"": 0.0, ""angle"": 9.480513818816858, ""elevation"": 0.0}, {""range"": 1.8587911454725938, ""doppler"": 0.0, ""angle"": 44.07626891527717, ""elevation"": 0.0}, {""range"": 1.8755095282303038, ""doppler"": 0.0, ""angle"": 44.7566498749884, ""elevation"": 0.0}, {""range"": 1.90076873967672, ""doppler"": 0.0, ""angle"": 43.53627942619431, ""elevation"": 0.0}]",1785098544484.242
8,"[{""range"": 2.810233699036977, ""doppler"": 0.0, ""angle"": -4.335233229882565, ""elevation"": 0.0}, {""range"": 0.6278788984478568, ""doppler"": 0.0, ""angle"": 30.0626369633275, ""elevation"": 0.0}, {""range"": 0.6529059705150699, ""doppler"": 0.0, ""angle"": 27.252792078615332, ""elevation"": 0.0}, {""range"": 0.6665585799602061, ""doppler"": 0.0, ""angle"": 27.582435880990328, ""elevation"": 0.0}, {""range"": 0.6918084420522294, ""doppler"": 0.0, ""angle"": 30.369433828603764, ""elevation"": 0.0}, {""range"": 1.9496829219062166, ""doppler"": 0.0, ""angle"": 32.703337226963306, ""elevation"": 0.0}, {""range"": 1.88002923720202, ""doppler"": 0.0, ""angle"": 42.35176957859218, ""elevation"": 0.0}, {""range"": 1.9062630201375974, ""doppler"": 0.0, ""angle"": 44.604758122122675, ""elevation"": 0.0}]",1785098544484.771
9,"[{""range"": 0.6142775282725027, ""doppler"": 0.0, ""angle"": -5.227649100862562, ""elevation"": 0.0}, {""range"": 0.6288204994801931, ""doppler"": 0.0, ""angle"": -8.388168947520587, ""elevation"": 0.0}, {""range"": 0.6427325027969932, ""doppler"": 0.0, ""angle"": -9.415152257502678, ""elevation"": 0.0}, {""range"": 2.771506730356738, ""doppler"": 0.0, ""angle"": -9.739445945497241, ""elevation"": 0.0}, {""range"": 2.8018305099857788, ""doppler"": 0.0, ""angle"": -6.177052985974425, ""elevation"": 0.0}, {""range"": 0.6587309244200727, ""doppler"": 0.0, ""angle"": 33.21556130280674, ""elevation"": 0.0}, {""range"": 1.8570248841697032, ""doppler"": 0.0, ""angle"": 40.32123896365876, ""elevation"": 0.0}, {""range"": 1.8740014433503147, ""doppler"": 0.0, ""angle"": 41.40244514551759, ""elevation"": 0.0}, {""range"": 1.8982273637987634, ""doppler"": 0.0, ""angle"": 43.2746991639204, ""elevation"": 0.0}]",1785098544485.282
6,"[{""range"": 0.494245628442876, ""doppler"": 0.0, ""angle"": -12.45236241827126, ""elevation"": 0.0}, {""range"": 0.616849113839627, ""doppler"": 0.0, ""angle"": 1.1294892138538988, ""elevation"": 0.0}, {""range"": 0.6236066676852208, ""doppler"": 0.0, ""angle"": 2.152715909664436, ""elevation"": 0.0}, {""range"": 0.645677903105258, ""doppler"": 0.0, ""angle"": 10.273623387234437, ""elevation"": 0.0}, {""range"": 1.8799180479883308, ""doppler"": 0.0, ""angle"": 45.00770726112019, ""elevation"": 0.0}, {""range"": 1.8967541740546556, ""doppler"": 0.0, ""angle"": 47.00178572918819, ""elevation"": 0.0}]",1785098544485.995
9,"[{""range"": 0.48413346841180416, ""doppler"": 0.0, ""angle"": -28.069997276328028, ""elevation"": 0.0}, {""range"": 0.5114634940415431, ""doppler"": 0.0, ""angle"": -22.53049445221767, ""elevation"": 0.0}, {""range"": 0.5665913571263349, ""doppler"": 0.0, ""angle"": -5.868928012586333, ""elevation"": 0.0}, {""range"": 0.6037294681937341, ""doppler"": 0.0, ""angle"": -0.7636722144907255, ""elevation"": 0.0}, {""range"": 0.6201129314924773, ""doppler"": 0.0, ""angle"": -1.3218486038112636, ""elevation"": 0.0}, {""range"": 0.6375148856858927, ""doppler"": 0.0, ""angle"": -2.4434806415729473, ""elevation"": 0.0}, {""range"": 1.8575660473942648, ""doppler"": 0.0, ""angle"": 40.975791081403166, ""elevation"": 0.0}, {""range"": 1.8755764931216754, ""doppler"": 0.0, ""angle"": 41.56413337969127, ""elevation"": 0.0}, {""range"": 1.90177362090389, ""doppler"": 0.0, ""angle"": 40.0607844578738, ""elevation"": 0.0}]",1785098544486.418
9,"[{""range"": 0.5268158644324408, ""doppler"": 0.0, ""angle"": -2.198113578800434, ""elevation"": 0.0}, {""range"": 0.5714994328642599, ""doppler"": 0.0, ""angle"": -0.3406154525276732, ""elevation"": 0.0}, {""range"": 0.6079173330439158, ""doppler"": 0.0, ""angle"": 2.680618671557069, ""elevation"": 0.0}, {""range"": 0.6248704552658992, ""doppler"": 0.0, ""angle"": 4.003845824117631, ""elevation"": 0.0}, {""range"": 0.6379960145438464, ""doppler"": 0.0, ""angle"": 6.356152066634166, ""elevation"": 0.0}, {""range"": 1.8542237987859596, ""doppler"": 0.0, ""angle"": 39.52966378145319, ""elevation"": 0.0}, {""range"": 1.878985194211908, ""doppler"": 0.0, ""angle"": 44.47563873055221, ""elevation"": 0.0}, {""range"": 1.9011282640436764, ""doppler"": 0.0, ""angle"": 49.32154802825987, ""elevation"": 0.0}, {""range"": 1.933882016557639, ""doppler"": 0.0, ""angle"": 57.15336417025365, ""elevation"": 0.0}]",1785098544486.819
10,"[{""range"": 0.5209765380825553, ""doppler"": 0.0, ""angle"": -44.276887780102996, ""elevation"": 0.0}, {""range"": 0.5591567766282657, ""doppler"": 0.0, ""angle"": -36.613378440957426, ""elevation"": 0.0}, {""range"": 2.8044604779557005, ""doppler"": 0.0, ""angle"": -4.325856342105095, ""elevation"": 0.0}, {""range"": 0.6155331985190218, ""doppler"": 0.0, ""angle"": -1.5814346839341293, ""elevation"": 0.0}, {""range"": 0.6172194161720854, ""doppler"": 0.0, ""angle"": -3.305052508971821, ""elevation"": 0.0}, {""range"": 0.6928416962457976, ""doppler"": 0.0, ""angle"": 32.6605935126823, ""elevation"": 0.0}, {""range"": 0.6663938566306531, ""doppler"": 0.0, ""angle"": 34.670844759034026, ""elevation"": 0.0}, {""range"": 1.8566136447991903, ""doppler"": 0.0, ""angle"": 43.90347058377561, ""elevation"": 0.0}, {""range"": 1.8743604555219522, ""doppler"": 0.0, ""angle"": 46.766610857852655, ""elevation"": 0.0}, {""range"": 1.891464222957022, ""doppler"": 0.0, ""angle"": 54.19723202463706, ""elevation"": 0.0}]",1785098544487.218
7,"[{""range"": 0.5498215619932583, ""doppler"": 0.0, ""angle"": -36.17670210745719, ""elevation"": 0.0}, {""range"": 0.533335064027859, ""doppler"": 0.0, ""angle"": -33.61014971536627, ""elevation"": 0.0}, {""range"": 0.6065655686198388, ""doppler"": 0.0, ""angle"": 0.5574000809039509, ""elevation"": 0.0}, {""range"": 0.6178096216662787, ""doppler"": 0.0, ""angle"": 0.2819161769327934, ""elevation"": 0.0}, {""range"": 0.6608444596446459, ""doppler"": 0.0, ""angle"": 35.91794994336258, ""elevation"": 0.0}, {""range"": 1.872575967420696, ""doppler"": 0.0, ""angle"": 41.67488614336646, ""elevation"": 0.0}, {""range"": 1.8949179228101956, ""doppler"": 0.0, ""angle"": 39.47466940543731, ""elevation"": 0.0}]",1785098544487.633
5,"[{""range"": 0.6233654823277435, ""doppler"": 0.0, ""angle"": 0.4601971679786938, ""elevation"": 0.0}, {""range"": 0.632901734461984, ""doppler"": 0.0, ""angle"": 0.9065543647371019, ""elevation"": 0.0}, {""range"": 0.6433488292525014, ""doppler"": 0.0, ""angle"": 1.2581704223834662, ""elevation"": 0.0}, {""range"": 1.8801519586482154, ""doppler"": 0.0, ""angle"": 44.38733729727503, ""elevation"": 0.0}, {""range"": 1.8997284028099013, ""doppler"": 0.0, ""angle"": 46.57515115559814, ""elevation"": 0.0}]",1785098544488.0361
5,"[{""range"": 0.6125213572905471, ""doppler"": 0.0, ""angle"": 2.1749556888290096, ""elevation"": 0.0}, {""range"": 2.807298523597337, ""doppler"": 0.0, ""angle"": -1.3796507562462332, ""elevation"": 0.0}, {""range"": 0.6263899336764055, ""doppler"": 0.0, ""angle"": 3.879354263162677, ""elevation"": 0.0}, {""range"": 1.8768158240943287, ""doppler"": 0.0, ""angle"": 42.95376489520476, ""elevation"": 0.0}, {""range"": 1.8949350580536106, ""doppler"": 0.0, ""angle"": 42.82796397281875, ""elevation"": 0.0}]",1785098544488.4421
6,"[{""range"": 1.5007108662257964, ""doppler"": 0.0, ""angle"": -9.353454746236398, ""elevation"": 0.0}, {""range"": 2.465659193646405, ""doppler"": 0.0, ""angle"": -3.2344559028199504, ""elevation"": 0.0}, {""range"": 0.6340775897166804, ""doppler"": 0.0, ""angle"": 3.605563313406429, ""elevation"": 0.0}, {""range"": 0.6468398265702408, ""doppler"": 0.0, ""angle"": 7.673143592823313, ""elevation"": 0.0}, {""range"": 0.6647126794567022, ""doppler"": 0.0, ""angle"": 12.727750588512139, ""elevation"": 0.0}, {""range"": 0.6915704908458887, ""doppler"": 0.0, ""angle"": 15.768356656940616, ""elevation"": 0.0}]",1785098544488.8398
8,"[{""range"": 0.6743316240120606, ""doppler"": 0.0, ""angle"": -18.89138353238846, ""elevation"": 0.0}, {""range"": 0.6501908738734693, ""doppler"": 0.0, ""angle"": -13.065480599178379, ""elevation"": 0.0}, {""range"": 0.6926986174617913, ""doppler"": 0.0, ""angle"": 25.27512169831334, ""elevation"": 0.0}, {""range"": 0.7165707108527795, ""doppler"": 0.0, ""angle"": 24.518501610768922, ""elevation"": 0.0}, {""range"": 0.8045970969474627, ""doppler"": 0.0, ""angle"": 36.28669631369658, ""elevation"": 0.0}, {""range"": 1.8579301973286881, ""doppler"": 0.0, ""angle"": 38.17580960438714, ""elevation"": 0.0}, {""range"": 1.875764248018085, ""doppler"": 0.0, ""angle"": 40.99941010431162, ""elevation"": 0.0}, {""range"": 1.898239584341854, ""doppler"": 0.0, ""angle"": 45.91216670218088, ""elevation"": 0.0}]",1785098544489.248
9,"[{""range"": 0.6836975273175996, ""doppler"": 0.0, ""angle"": -18.354390754119784, ""elevation"": 0.0}, {""range"": 0.7069633622967888, ""doppler"": 0.0, ""angle"": -19.965772679547335, ""elevation"": 0.0}, {""range"": 1.1841381412655692, ""doppler"": 0.0, ""angle"": -22.114708767075317, ""elevation"": 0.0}, {""range"": 0.6550840613488131, ""doppler"": 0.0, ""angle"": -13.383803841595919, ""elevation"": 0.0}, {""range"": 2.805121394654686, ""doppler"": 0.0, ""angle"": -1.757055499461406, ""elevation"": 0.0}, {""range"": 0.6053019659339975, ""doppler"": 0.0, ""angle"": 34.76045332827546, ""elevation"": 0.0}, {""range"": 0.7939688450931527, ""doppler"": 0.0, ""angle"": 38.82908937241446, ""elevation"": 0.0}, {""range"": 1.882380053464351, ""doppler"": 0.0, ""angle"": 41.51873278161472, ""elevation"": 0.0}, {""range"": 1.8971033016868262, ""doppler"": 0.0, ""angle"": 41.09041450706707, ""elevation"": 0.0}]",1785098544489.661
9,"[{""range"": 0.6293987595828018, ""doppler"": 0.0, ""angle"": -16.947148122474374, ""elevation"": 0.0}, {""range"": 0.6540555668107465, ""doppler"": 0.0, ""angle"": -6.104934749858686, ""elevation"": 0.0}, {""range"": 0.7136311558708349, ""doppler"": 0.0, ""angle"": -8.211315311125158, ""elevation"": 0.0}, {""range"": 0.7379134800545949, ""doppler"": 0.0, ""angle"": -9.921116898964486, ""elevation"": 0.0}, {""range"": 0.682712186687712, ""doppler"": 0.0, ""angle"": 0.07503371759916753, ""elevation"": 0.0}, {""range"": 0.8018623938085321, ""doppler"": 0.0, ""angle"": 30.47072741971263, ""elevation"": 0.0}, {""range"": 1.8594033230366176, ""doppler"": 0.0, ""angle"": 38.992829445634975, ""elevation"": 0.0}, {""range"": 1.8774410286404404, ""doppler"": 0.0, ""angle"": 42.475583808281115, ""elevation"": 0.0}, {""range"": 1.9042655504015813, ""doppler"": 0.0, ""angle"": 49.04739881884614, ""elevation"": 0.0}]",1785098544490.067
10,"[{""range"": 1.1621649564205836, ""doppler"": 0.0, ""angle"": -37.18373771092391, ""elevation"": 0.0}, {""range"": 1.1859046490284846, ""doppler"": 0.0, ""angle"": -32.281026474114014, ""elevation"": 0.0}, {""range"": 0.6557405638336069, ""doppler"": 0.0, ""angle"": -12.872825676872504, ""elevation"": 0.0}, {""range"": 0.7211925984492613, ""doppler"": 0.0, ""angle"": -5.877392606643136, ""elevation"": 0.0}, {""range"": 2.8081208284019943, ""doppler"": 0.0, ""angle"": -5.18055567794707, ""elevation"": 0.0}, {""range"": 0.6927210735549788, ""doppler"": 0.0, ""angle"": -1.286830530993173, ""elevation"": 0.0}, {""range"": 0.7832801877502782, ""doppler"": 0.0, ""angle"": 30.891974213337793, ""elevation"": 0.0}, {""range"": 1.854246474640578, ""doppler"": 0.0, ""angle"": 43.233763920394445, ""elevation"": 0.0}, {""range"": 1.8794657994101063, ""doppler"": 0.0, ""angle"": 46.22969835237431, ""elevation"": 0.0}, {""range"": 1.9042524786039945, ""doppler"": 0.0, ""angle"": 52.546877203657424, ""elevation"": 0.0}]",1785098544490.47
7,"[{""range"": 0.6650971727728571, ""doppler"": 0.0, ""angle"": -12.451950008324534, ""elevation"": 0.0}, {""range"": 0.7072774902855739, ""doppler"": 0.0, ""angle"": 0.7967293947684366, ""elevation"": 0.0}, {""range"": 0.7307669587098423, ""doppler"": 0.0, ""angle"": 6.434634402297704, ""elevation"": 0.0}, {""range"": 0.7437105629743133, ""doppler"": 0.0, ""angle"": 9.423821551670825, ""elevation"": 0.0}, {""range"": 0.7889732191607511, ""doppler"": 0.0, ""angle"": 35.880346396324136, ""elevation"": 0.0}, {""range"": 1.8814492956126507, ""doppler"": 0.0, ""angle"": 41.806286725691436, ""elevation"": 0.0}, {""range"": 1.905980905006242, ""doppler"": 0.0, ""angle"": 44.76434136272789, ""elevation"": 0.0}]",1785098544490.876
7,"[{""range"": 0.667148534527685, ""doppler"": 0.0, ""angle"": -7.144064147240325, ""elevation"": 0.0}, {""range"": 0.7073311724500373, ""doppler"": 0.0, ""angle"": 5.570791367027954, ""elevation"": 0.0}, {""range"": 0.7191631013713681, ""doppler"": 0.0, ""angle"": 7.328223350201306, ""elevation"": 0.0}, {""range"": 0.736717337243711, ""doppler"": 0.0, ""angle"": 9.288567533664198, ""elevation"": 0.0}, {""range"": 0.7891705388948191, ""doppler"": 0.0, ""angle"": 37.78389345834682, ""elevation"": 0.0}, {""range"": 1.8842476139666204, ""doppler"": 0.0, ""angle"": 48.33530398670132, ""elevation"": 0.0}, {""range"": 1.9076339584634803, ""doppler"": 0.0, ""angle"": 51.19844138751347, ""elevation"": 0.0}]",1785098544491.282
12,"[{""range"": 0.655306205205812, ""doppler"": 0.0, ""angle"": -14.991842993652002, ""elevation"": 0.0}, {""range"": 2.777385378935461, ""doppler"": 0.0, ""angle"": -7.0449464356456675, ""elevation"": 0.0}, {""range"": 2.7975463798600626, ""doppler"": 0.0, ""angle"": -5.575398233543612, ""elevation"": 0.0}, {""range"": 2.818490831872749, ""doppler"": 0.0, ""angle"": -4.479276751279371, ""elevation"": 0.0}, {""range"": 0.7585351377495362, ""doppler"": 0.0, ""angle"": 2.499526690334732, ""elevation"": 0.0}, {""range"": 0.7902144649316193, ""doppler"": 0.0, ""angle"": 0.5445463414777219, ""elevation"": 0.0}, {""range"": 0.7163325712325499, ""doppler"": 0.0, ""angle"": 6.780859072882981, ""elevation"": 0.0}, {""range"": 0.7377768668835988, ""doppler"": 0.0, ""angle"": 5.912333140861224, ""elevation"": 0.0}, {""range"": 1.8534852420346692, ""doppler"": 0.0, ""angle"": 39.126838497261424, ""elevation"": 0.0}, {""range"": 1.8819741846850682, ""doppler"": 0.0, ""angle"": 42.978635059643985, ""elevation"": 0.0}, {""range"": 1.9094133461458533, ""doppler"": 0.0, ""angle"": 45.34526540128113, ""elevation"": 0.0}, {""range"": 1.9402738790073708, ""doppler"": 0.0, ""angle"": 44.615420224011345, ""elevation"": 0.0}]",1785098544491.693
10,"[{""range"": 0.6582763657184192, ""doppler"": 0.0, ""angle"": -12.79046899625885, ""elevation"": 0.0}, {""range"": 0.6832892003800312, ""doppler"": 0.0, ""angle"": -12.545071057994628, ""elevation"": 0.0}, {""range"": 0.7517217426216477, ""doppler"": 0.0, ""angle"": 28.485371784133196, ""elevation"": 0.0}, {""range"": 0.7805272680660732, ""doppler"": 0.0, ""angle"": 38.227263983854755, ""elevation"": 0.0}, {""range"": 0.7975179451082226, ""doppler"": 0.0, ""angle"": 41.70075030841025, ""elevation"": 0.0}, {""range"": 1.8590204045905843, ""doppler"": 0.0, ""angle"": 41.29531660386571, ""elevation"": 0.0}, {""range"": 1.946366479294744, ""doppler"": 0.0, ""angle"": 42.68796797228195, ""elevation"": 0.0}, {""range"": 1.8835958449588974, ""doppler"": 0.0, ""angle"": 45.1961517982976, ""elevation"": 0.0}, {""range"": 1.9097327014033678, ""doppler"": 0.0, ""angle"": 47.0640929541984, ""elevation"": 0.0}, {""range"": 0.8428284350955667, ""doppler"": 0.0, ""angle"": 55.3186849145592, ""elevation"": 0.0}]",1785098544585.003
7,"[{""range"": 0.736364466007817, ""doppler"": 0.0, ""angle"": 0.278267746604161, ""elevation"": 0.0}, {""range"": 2.6907659471666903, ""doppler"": 0.0, ""angle"": -2.7120034848503694, ""elevation"": 0.0}, {""range"": 0.7212312357888258, ""doppler"": 0.0, ""angle"": 6.177045733287188, ""elevation"": 0.0}, {""range"": 0.7137309749891191, ""doppler"": 0.0, ""angle"": 14.746485344987104, ""elevation"": 0.0}, {""range"": 1.8595396054669875, ""doppler"": 0.0, ""angle"": 40.8355536922928, ""elevation"": 0.0}, {""range"": 1.8801615161629852, ""doppler"": 0.0, ""angle"": 41.186437778703166, ""elevation"": 0.0}, {""range"": 1.9005999755095664, ""doppler"": 0.0, ""angle"": 42.39189923088295, ""elevation"": 0.0}]",1785098544685.208
11,"[{""range"": 1.1535404569057959, ""doppler"": 0.0, ""angle"": -26.46575183193445, ""elevation"": 0.0}, {""range"": 1.1821549456264122, ""doppler"": 0.0, ""angle"": -31.365064187317852, ""elevation"": 0.0}, {""range"": 0.6318257212737044, ""doppler"": 0.0, ""angle"": -6.01070345933129, ""elevation"": 0.0}, {""range"": 1.2873678372857713, ""doppler"": 0.0, ""angle"": -8.193129036770841, ""elevation"": 0.0}, {""range"": 0.6535418133880972, ""doppler"": 0.0, ""angle"": -3.5137502606049664, ""elevation"": 0.0}, {""range"": 0.6684160538014713, ""doppler"": 0.0, ""angle"": -0.3065555525952269, ""elevation"": 0.0}, {""range"": 0.685675991762209, ""doppler"": 0.0, ""angle"": 1.64383156250092, ""elevation"": 0.0}, {""range"": 0.8488360745861282, ""doppler"": 0.0, ""angle"": 40.32637127345822, ""elevation"": 0.0}, {""range"": 1.8828793550931524, ""doppler"": 0.0, ""angle"": 42.8564036214879, ""elevation"": 0.0}, {""range"": 0.8225755257925773, ""doppler"": 0.0, ""angle"": 46.6295342310531, ""elevation"": 0.0}, {""range"": 1.9069211683862373, ""doppler"": 0.0, ""angle"": 46.40959377875571, ""elevation"": 0.0}]",1785098544784.9421
6,"[{""range"": 0.5957758557510173, ""doppler"": 0.0, ""angle"": -5.027840197309159, ""elevation"": 0.0}, {""range"": 0.6152949025433875, ""doppler"": 0.0, ""angle"": -6.6252064309747345, ""elevation"": 0.0}, {""range"": 0.6311775256880973, ""doppler"": 0.0, ""angle"": -6.931735936751335, ""elevation"": 0.0}, {""range"": 0.6571671665670065, ""doppler"": 0.0, ""angle"": -4.463273383376659, ""elevation"": 0.0}, {""range"": 0.6936203806499895, ""doppler"": 0.0, ""angle"": 0.10339521042149899, ""elevation"": 0.0}, {""range"": 1.8758942283800786, ""doppler"": 0.0, ""angle"": 43.64048481407424, ""elevation"": 0.0}]",1785098544889.3372
6,"[{""range"": 0.5818532336302984, ""doppler"": 0.0, ""angle"": -1.3911703199990673, ""elevation"": 0.0}, {""range"": 0.5965233117127584, ""doppler"": 0.0, ""angle"": 0.017174993344411252, ""elevation"": 0.0}, {""range"": 0.6176498348863653, ""doppler"": 0.0, ""angle"": 3.419059541817822, ""elevation"": 0.0}, {""range"": 0.6436023237524453, ""doppler"": 0.0, ""angle"": 5.452405897464601, ""elevation"": 0.0}, {""range"": 1.8865702936128703, ""doppler"": 0.0, ""angle"": 48.011980191625966, ""elevation"": 0.0}, {""range"": 1.9044261658329427, ""doppler"": 0.0, ""angle"": 50.55880807029842, ""elevation"": 0.0}]",1785098544978.973
5,"[{""range"": 0.5819193929547989, ""doppler"": 0.0, ""angle"": -1.6375826894474341, ""elevation"": 0.0}, {""range"": 0.5900867689734344, ""doppler"": 0.0, ""angle"": -1.9970727969391935, ""elevation"": 0.0}, {""range"": 2.811896836599121, ""doppler"": 0.0, ""angle"": -0.9728743170340439, ""elevation"": 0.0}, {""range"": 1.8834604204032839, ""doppler"": 0.0, ""angle"": 45.084620450644074, ""elevation"": 0.0}, {""range"": 1.905753947984044, ""doppler"": 0.0, ""angle"": 47.121659179345635, ""elevation"": 0.0}]",1785098545085.582
5,"[{""range"": 1.1818753353125062, ""doppler"": 0.0, ""angle"": -36.51621378474339, ""elevation"": 0.0}, {""range"": 0.5995976783391511, ""doppler"": 0.0, ""angle"": 0.6151413093337985, ""elevation"": 0.0}, {""range"": 0.6247223782430714, ""doppler"": 0.0, ""angle"": 1.7878616411378592, ""elevation"": 0.0}, {""range"": 0.6296834885847571, ""doppler"": 0.0, ""angle"": -0.91118805810516, ""elevation"": 0.0}, {""range"": 0.6399834395306737, ""doppler"": 0.0, ""angle"": -3.043077798331452, ""elevation"": 0.0}]",1785098545185.7578
4,"[{""range"": 0.6268273944793432, ""doppler"": 0.0, ""angle"": 2.5506100850547755, ""elevation"": 0.0}, {""range"": 0.6418092697979413, ""doppler"": 0.0, ""angle"": 0.6864309400577402, ""elevation"": 0.0}, {""range"": 0.6496310234069824, ""doppler"": 0.0, ""angle"": 0.0, ""elevation"": 0.0}, {""range"": 1.8750552955166349, ""doppler"": 0.0, ""angle"": 36.32786173311699, ""elevation"": 0.0}]",1785098545285.966
5,"[{""range"": 0.6262369825136977, ""doppler"": 0.0, ""angle"": -2.438387106649995, ""elevation"": 0.0}, {""range"": 0.638285950473982, ""doppler"": 0.0, ""angle"": -2.167434891825761, ""elevation"": 0.0}, {""range"": 0.6497885062700803, ""doppler"": 0.0, ""angle"": -1.2614703300357575, ""elevation"": 0.0}, {""range"": 2.389597190543516, ""doppler"": 0.0, ""angle"": -1.3292294166946155, ""elevation"": 0.0}, {""range"": 2.4029638503173105, ""doppler"": 0.0, ""angle"": -1.7611453292602257, ""elevation"": 0.0}]",1785098545379.3809
8,"[{""range"": 0.48237865203285973, ""doppler"": 0.0, ""angle"": -30.348166593143258, ""elevation"": 0.0}, {""range"": 0.44535856679959257, ""doppler"": 0.0, ""angle"": -18.63864042623635, ""elevation"": 0.0}, {""range"": 0.6291955206289186, ""doppler"": 0.0, ""angle"": 1.1561819693058495, ""elevation"": 0.0}, {""range"": 0.6343695685669267, ""doppler"": 0.0, ""angle"": 1.0982903288407333, ""elevation"": 0.0}, {""range"": 0.6498971471957332, ""doppler"": 0.0, ""angle"": 1.6397286494101715, ""elevation"": 0.0}, {""range"": 0.7901612138706517, ""doppler"": 0.0, ""angle"": 42.881618303335955, ""elevation"": 0.0}, {""range"": 0.8145630071572821, ""doppler"": 0.0, ""angle"": 44.48415625227741, ""elevation"": 0.0}, {""range"": 1.8786751385054066, ""doppler"": 0.0, ""angle"": 46.35750238574232, ""elevation"": 0.0}]",1785098545489.1091
6,"[{""range"": 0.6094338020719399, ""doppler"": 0.0, ""angle"": 0.6220248107659363, ""elevation"": 0.0}, {""range"": 0.6252178520155046, ""doppler"": 0.0, ""angle"": 4.642526407221961, ""elevation"": 0.0}, {""range"": 0.4123227546894779, ""doppler"": 0.0, ""angle"": 16.580245112267036, ""elevation"": 0.0}, {""range"": 0.42281007570196366, ""doppler"": 0.0, ""angle"": 15.90545461808426, ""elevation"": 0.0}, {""range"": 0.8415326855405284, ""doppler"": 0.0, ""angle"": 42.65777897141096, ""elevation"": 0.0}, {""range"": 0.8580753081066961, ""doppler"": 0.0, ""angle"": 40.24126623100084, ""elevation"": 0.0}]",1785098545589.078
8,"[{""range"": 0.6392676179583062, ""doppler"": 0.0, ""angle"": 11.030197773298415, ""elevation"": 0.0}, {""range"": 0.6596214336122078, ""doppler"": 0.0, ""angle"": 10.843875749944427, ""elevation"": 0.0}, {""range"": 0.8522937852606672, ""doppler"": 0.0, ""angle"": 37.90134107840127, ""elevation"": 0.0}, {""range"": 0.8568434794035737, ""doppler"": 0.0, ""angle"": 37.01816470208451, ""elevation"": 0.0}, {""range"": 0.8691073906155673, ""doppler"": 0.0, ""angle"": 41.96443087494444, ""elevation"": 0.0}, {""range"": 1.8853914070416073, ""doppler"": 0.0, ""angle"": 43.33598812922235, ""elevation"": 0.0}, {""range"": 1.9096384282975591, ""doppler"": 0.0, ""angle"": 42.90923205151297, ""elevation"": 0.0}, {""range"": 1.9430226048989045, ""doppler"": 0.0, ""angle"": 41.85905176790024, ""elevation"": 0.0}]",1785098545685.7268
4,"[{""range"": 0.6886974980936091, ""doppler"": 0.0, ""angle"": -4.01990334676961, ""elevation"": 0.0}, {""range"": 0.6530003091779246, ""doppler"": 0.0, ""angle"": -2.950940642530586, ""elevation"": 0.0}, {""range"": 0.6627851303947216, ""doppler"": 0.0, ""angle"": -3.139529896984795, ""elevation"": 0.0}, {""range"": 0.8213335892124259, ""doppler"": 0.0, ""angle"": 40.87730589977242, ""elevation"": 0.0}]",1785098545786.1829
7,"[{""range"": 0.650554313116142, ""doppler"": 0.0, ""angle"": 1.4490205820392843, ""elevation"": 0.0}, {""range"": 0.661716807215952, ""doppler"": 0.0, ""angle"": 1.0219244447541023, ""elevation"": 0.0}, {""range"": 2.6578096935348725, ""doppler"": 0.0, ""angle"": 31.861553623390968, ""elevation"": 0.0}, {""range"": 0.8483346334279371, ""doppler"": 0.0, ""angle"": 35.79740302797835, ""elevation"": 0.0}, {""range"": 0.8635694876182347, ""doppler"": 0.0, ""angle"": 34.71016028298957, ""elevation"": 0.0}, {""range"": 1.8762945361988528, ""doppler"": 0.0, ""angle"": 41.78590207350815, ""elevation"": 0.0}, {""range"": 1.9057844666194659, ""doppler"": 0.0, ""angle"": 39.77735030238918, ""elevation"": 0.0}]",1785098545878.6628
8,"[{""range"": 0.6229493810810731, ""doppler"": 0.0, ""angle"": -8.66738717995549, ""elevation"": 0.0}, {""range"": 0.6434825579965147, ""doppler"": 0.0, ""angle"": -5.1655993944623395, ""elevation"": 0.0}, {""range"": 0.6577777455782309, ""doppler"": 0.0, ""angle"": -5.600555123381562, ""elevation"": 0.0}, {""range"": 0.843100589477471, ""doppler"": 0.0, ""angle"": 39.75111483485526, ""elevation"": 0.0}, {""range"": 0.8597912470031677, ""doppler"": 0.0, ""angle"": 38.48115497984581, ""elevation"": 0.0}, {""range"": 1.8818053066839935, ""doppler"": 0.0, ""angle"": 43.25193517048693, ""elevation"": 0.0}, {""range"": 1.9133476087446668, ""doppler"": 0.0, ""angle"": 42.98148414747232, ""elevation"": 0.0}, {""range"": 1.953727077276337, ""doppler"": 0.0, ""angle"": 40.542140654235, ""elevation"": 0.0}]",1785098545979.166
4,"[{""range"": 0.6272472696389555, ""doppler"": 0.0, ""angle"": 3.3012384971648943, ""elevation"": 0.0}, {""range"": 0.6485544668824069, ""doppler"": 0.0, ""angle"": 4.459284502979099, ""elevation"": 0.0}, {""range"": 0.6596803752406356, ""doppler"": 0.0, ""angle"": 5.693594174392741, ""elevation"": 0.0}, {""range"": 1.875408351814285, ""doppler"": 0.0, ""angle"": 38.815085613399496, ""elevation"": 0.0}]",1785098546089.3052
6,"[{""range"": 0.46874482698387093, ""doppler"": 0.0, ""angle"": -35.27851461443829, ""elevation"": 0.0}, {""range"": 0.48189373307140004, ""doppler"": 0.0, ""angle"": -38.02229242215277, ""elevation"": 0.0}, {""range"": 1.273920165596667, ""doppler"": 0.0, ""angle"": -4.1050985131625755, ""elevation"": 0.0}, {""range"": 0.6282339964682487, ""doppler"": 0.0, ""angle"": 4.1785689688894685, ""elevation"": 0.0}, {""range"": 1.88458290661743, ""doppler"": 0.0, ""angle"": 39.409512398278025, ""elevation"": 0.0}, {""range"": 1.898815907106302, ""doppler"": 0.0, ""angle"": 40.030094013876365, ""elevation"": 0.0}]",1785098546189.197
3,"[{""range"": 0.6497401827759429, ""doppler"": 0.0, ""angle"": 12.315018479274395, ""elevation"": 0.0}, {""range"": 0.6733661262599374, ""doppler"": 0.0, ""angle"": 15.257787595337991, ""elevation"": 0.0}, {""range"": 0.6902382084642141, ""doppler"": 0.0, ""angle"": 16.402105014067523, ""elevation"": 0.0}]",1785098546286.1519
6,"[{""range"": 0.6344936497579613, ""doppler"": 0.0, ""angle"": -2.083445453313111, ""elevation"": 0.0}, {""range"": 0.6467625106961082, ""doppler"": 0.0, ""angle"": -1.8854043103237828, ""elevation"": 0.0}, {""range"": 0.6574145060175545, ""doppler"": 0.0, ""angle"": -1.6521548918124374, ""elevation"": 0.0}, {""range"": 0.6773011564298547, ""doppler"": 0.0, ""angle"": -1.134571370232523, ""elevation"": 0.0}, {""range"": 1.8792943395541, ""doppler"": 0.0, ""angle"": 40.20274436230549, ""elevation"": 0.0}, {""range"": 1.8971343134180298, ""doppler"": 0.0, ""angle"": 41.42723864635747, ""elevation"": 0.0}]",1785098546386.4263
5,"[{""range"": 0.6290846006878759, ""doppler"": 0.0, ""angle"": 0.4234403484158271, ""elevation"": 0.0}, {""range"": 0.6407408547313013, ""doppler"": 0.0, ""angle"": -0.7195575011520128, ""elevation"": 0.0}, {""range"": 0.6478526563220611, ""doppler"": 0.0, ""angle"": -1.9296995062016515, ""elevation"": 0.0}, {""range"": 1.8810374040996853, ""doppler"": 0.0, ""angle"": 48.75002803345975, ""elevation"": 0.0}, {""range"": 1.9062740401988587, ""doppler"": 0.0, ""angle"": 49.09265663791902, ""elevation"": 0.0}]",1785098546478.902
5,"[{""range"": 0.6267449059908081, ""doppler"": 0.0, ""angle"": 0.14712150707601124, ""elevation"": 0.0}, {""range"": 0.6378190520612078, ""doppler"": 0.0, ""angle"": 1.317281572494372, ""elevation"": 0.0}, {""range"": 0.6484775773204849, ""doppler"": 0.0, ""angle"": 1.6749303427499573, ""elevation"": 0.0}, {""range"": 2.1165803648841948, ""doppler"": 0.0, ""angle"": 37.862247482180884, ""elevation"": 0.0}, {""range"": 2.14346491713047, ""doppler"": 0.0, ""angle"": 35.44155241443372, ""elevation"": 0.0}]",1785098546585.9358
6,"[{""range"": 0.6313808356312927, ""doppler"": 0.0, ""angle"": 2.33730585912382, ""elevation"": 0.0}, {""range"": 0.6476569609775825, ""doppler"": 0.0, ""angle"": 3.799343137403175, ""elevation"": 0.0}, {""range"": 0.6646650561544154, ""doppler"": 0.0, ""angle"": 7.04662855210642, ""elevation"": 0.0}, {""range"": 0.6896862719131263, ""doppler"": 0.0, ""angle"": 7.943129660442242, ""elevation"": 0.0}, {""range"": 1.885410774162679, ""doppler"": 0.0, ""angle"": 47.3406749592993, ""elevation"": 0.0}, {""range"": 1.9070985022833933, ""doppler"": 0.0, ""angle"": 46.975719483541624, ""elevation"": 0.0}]",1785098546679.45
5,"[{""range"": 1.155355077130207, ""doppler"": 0.0, ""angle"": -27.6755260429066, ""elevation"": 0.0}, {""range"": 1.1726782092830994, ""doppler"": 0.0, ""angle"": -31.360815516644276, ""elevation"": 0.0}, {""range"": 0.62873267841675, ""doppler"": 0.0, ""angle"": 0.4888599757110927, ""elevation"": 0.0}, {""range"": 0.6440799974513253, ""doppler"": 0.0, ""angle"": -1.3203853979465212, ""elevation"": 0.0}, {""range"": 0.6570559319808721, ""doppler"": 0.0, ""angle"": -0.9667940063160113, ""elevation"": 0.0}]",1785098546789.342
5,"[{""range"": 0.6646231303929114, ""doppler"": 0.0, ""angle"": -1.8038737970070033, ""elevation"": 0.0}, {""range"": 0.675763692838932, ""doppler"": 0.0, ""angle"": -1.4101195350088926, ""elevation"": 0.0}, {""range"": 0.6884346921714679, ""doppler"": 0.0, ""angle"": -1.3097298905429664, ""elevation"": 0.0}, {""range"": 1.8868357298785838, ""doppler"": 0.0, ""angle"": 41.50773070146978, ""elevation"": 0.0}, {""range"": 1.9145855867950972, ""doppler"": 0.0, ""angle"": 40.24201448264543, ""elevation"": 0.0}]",1785098546889.537
4,"[{""range"": 0.6386525848030677, ""doppler"": 0.0, ""angle"": -3.210085079210424, ""elevation"": 0.0}, {""range"": 0.6545908982612343, ""doppler"": 0.0, ""angle"": 3.4767507668875934, ""elevation"": 0.0}, {""range"": 0.6717581634361371, ""doppler"": 0.0, ""angle"": 10.816402335353073, ""elevation"": 0.0}, {""range"": 0.6889239568534928, ""doppler"": 0.0, ""angle"": 15.645110587432043, ""elevation"": 0.0}]",1785098546979.3699
4,"[{""range"": 0.6589309007841161, ""doppler"": 0.0, ""angle"": 0.12438684287674891, ""elevation"": 0.0}, {""range"": 0.6715107028487697, ""doppler"": 0.0, ""angle"": 3.5877548913345993, ""elevation"": 0.0}, {""range"": 1.881711053274138, ""doppler"": 0.0, ""angle"": 42.68169240367842, ""elevation"": 0.0}, {""range"": 1.9058174090839846, ""doppler"": 0.0, ""angle"": 47.939664399655705, ""elevation"": 0.0}]",1785098547089.5413
4,"[{""range"": 0.8883452141885689, ""doppler"": 0.0, ""angle"": 35.72805524305084, ""elevation"": 0.0}, {""range"": 0.9045454647248682, ""doppler"": 0.0, ""angle"": 36.163109600860324, ""elevation"": 0.0}, {""range"": 1.8717300039098166, ""doppler"": 0.0, ""angle"": 42.576351418614486, ""elevation"": 0.0}, {""range"": 1.8965586345079002, ""doppler"": 0.0, ""angle"": 42.7457255743404, ""elevation"": 0.0}]",1785098547179.211
5,"[{""range"": 1.502794623913829, ""doppler"": 0.0, ""angle"": -8.450197950265038, ""elevation"": 0.0}, {""range"": 0.6677151025341869, ""doppler"": 0.0, ""angle"": 1.4117720054719975, ""elevation"": 0.0}, {""range"": 0.6686535896293948, ""doppler"": 0.0, ""angle"": 2.436973957568544, ""elevation"": 0.0}, {""range"": 0.8414751394458758, ""doppler"": 0.0, ""angle"": 42.54559969397387, ""elevation"": 0.0}, {""range"": 0.8580849964207614, ""doppler"": 0.0, ""angle"": 43.16763304046667, ""elevation"": 0.0}]",1785098547279.1392
8,"[{""range"": 0.6535844744487931, ""doppler"": 0.0, ""angle"": -5.2114592588174595, ""elevation"": 0.0}, {""range"": 0.6808633772177024, ""doppler"": 0.0, ""angle"": 2.513736904432079, ""elevation"": 0.0}, {""range"": 0.5474424738790383, ""doppler"": 0.0, ""angle"": 20.956892280942846, ""elevation"": 0.0}, {""range"": 1.884921913955213, ""doppler"": 0.0, ""angle"": 37.0416561941219, ""elevation"": 0.0}, {""range"": 1.914281205417746, ""doppler"": 0.0, ""angle"": 35.752323647245845, ""elevation"": 0.0}, {""range"": 1.9480227350246113, ""doppler"": 0.0, ""angle"": 37.76612309258315, ""elevation"": 0.0}, {""range"": 2.0650871045396872, ""doppler"": 0.0, ""angle"": 40.27627065195936, ""elevation"": 0.0}, {""range"": 2.0959229225909954, ""doppler"": 0.0, ""angle"": 35.56268041161689, ""elevation"": 0.0}]",1785098547385.494
6,"[{""range"": 0.6698751846035623, ""doppler"": 0.0, ""angle"": -0.6117843248628602, ""elevation"": 0.0}, {""range"": 0.6836109328934306, ""doppler"": 0.0, ""angle"": -0.2248057238956188, ""elevation"": 0.0}, {""range"": 0.6957793794957202, ""doppler"": 0.0, ""angle"": 0.368125103509693, ""elevation"": 0.0}, {""range"": 1.8824412876026362, ""doppler"": 0.0, ""angle"": 40.39999251921308, ""elevation"": 0.0}, {""range"": 1.908582052016317, ""doppler"": 0.0, ""angle"": 42.47120633570571, ""elevation"": 0.0}, {""range"": 1.9416032070830174, ""doppler"": 0.0, ""angle"": 48.51326023617739, ""elevation"": 0.0}]",1785098547485.562
8,"[{""range"": 1.5447116062328239, ""doppler"": 0.0, ""angle"": -3.9627549020183306, ""elevation"": 0.0}, {""range"": 2.651233248105817, ""doppler"": 0.0, ""angle"": -5.4802669287780486, ""elevation"": 0.0}, {""range"": 0.666399302482469, ""doppler"": 0.0, ""angle"": -1.1685119446113796, ""elevation"": 0.0}, {""range"": 0.6732188846108031, ""doppler"": 0.0, ""angle"": 1.826511909287956, ""elevation"": 0.0}, {""range"": 1.509447052514761, ""doppler"": 0.0, ""angle"": 2.0570366896003818, ""elevation"": 0.0}, {""range"": 0.6918209209638082, ""doppler"": 0.0, ""angle"": 8.741658585507963, ""elevation"": 0.0}, {""range"": 1.877648529608037, ""doppler"": 0.0, ""angle"": 43.838575642549394, ""elevation"": 0.0}, {""range"": 1.9052957741544425, ""doppler"": 0.0, ""angle"": 47.160219202001095, ""elevation"": 0.0}]",1785098547589.0188
8,"[{""range"": 0.2860223203879275, ""doppler"": 0.0, ""angle"": -29.80263911962894, ""elevation"": 0.0}, {""range"": 2.8043964020622636, ""doppler"": 0.0, ""angle"": -3.7912315662650378, ""elevation"": 0.0}, {""range"": 2.8192929794289943, ""doppler"": 0.0, ""angle"": -4.011568185034368, ""elevation"": 0.0}, {""range"": 0.6626255973114282, ""doppler"": 0.0, ""angle"": 2.8770754655392756, ""elevation"": 0.0}, {""range"": 0.6713555531158352, ""doppler"": 0.0, ""angle"": 5.532930020835829, ""elevation"": 0.0}, {""range"": 0.689846638535638, ""doppler"": 0.0, ""angle"": 12.393494041493929, ""elevation"": 0.0}, {""range"": 1.8812882141758296, ""doppler"": 0.0, ""angle"": 40.50146808219119, ""elevation"": 0.0}, {""range"": 1.9061517927869334, ""doppler"": 0.0, ""angle"": 39.740194046593736, ""elevation"": 0.0}]",1785098547679.4397
3,"[{""range"": 0.6634129506198322, ""doppler"": 0.0, ""angle"": -2.3325822520406403, ""elevation"": 0.0}, {""range"": 0.6691134513854106, ""doppler"": 0.0, ""angle"": -3.2324893251532107, ""elevation"": 0.0}, {""range"": 1.8612505956584822, ""doppler"": 0.0, ""angle"": 38.305625675821815, ""elevation"": 0.0}]",1785098547786.3591
4,"[{""range"": 0.6636584922955614, ""doppler"": 0.0, ""angle"": -3.6302607049408007, ""elevation"": 0.0}, {""range"": 0.6732603225832778, ""doppler"": 0.0, ""angle"": 0.5021812237585681, ""elevation"": 0.0}, {""range"": 1.8838117996080277, ""doppler"": 0.0, ""angle"": 38.533252711095884, ""elevation"": 0.0}, {""range"": 1.895690651751887, ""doppler"": 0.0, ""angle"": 35.68406295353902, ""elevation"": 0.0}]",1785098547879.541
8,"[{""range"": 2.8042064631629815, ""doppler"": 0.0, ""angle"": -4.542455193447735, ""elevation"": 0.0}, {""range"": 0.6311195951862831, ""doppler"": 0.0, ""angle"": -0.9415857314118652, ""elevation"": 0.0}, {""range"": 0.651382127628443, ""doppler"": 0.0, ""angle"": -1.1954550637879933, ""elevation"": 0.0}, {""range"": 0.6666882766321461, ""doppler"": 0.0, ""angle"": -0.829870100348852, ""elevation"": 0.0}, {""range"": 0.6878208786644082, ""doppler"": 0.0, ""angle"": -1.6387040705912426, ""elevation"": 0.0}, {""range"": 1.880729633343326, ""doppler"": 0.0, ""angle"": 42.148366826580556, ""elevation"": 0.0}, {""range"": 1.9059841762914576, ""doppler"": 0.0, ""angle"": 45.25846401610712, ""elevation"": 0.0}, {""range"": 1.9447436691825608, ""doppler"": 0.0, ""angle"": 46.07291297290474, ""elevation"": 0.0}]",1785098547986.468
6,"[{""range"": 2.807508707835886, ""doppler"": 0.0, ""angle"": -6.263623326296357, ""elevation"": 0.0}, {""range"": 0.6599903137910729, ""doppler"": 0.0, ""angle"": 1.2885495737578578, ""elevation"": 0.0}, {""range"": 0.6747912411480308, ""doppler"": 0.0, ""angle"": 1.1084203845141545, ""elevation"": 0.0}, {""range"": 0.4578444802589165, ""doppler"": 0.0, ""angle"": 29.65883916015376, ""elevation"": 0.0}, {""range"": 1.8810984949692007, ""doppler"": 0.0, ""angle"": 42.314722110777396, ""elevation"": 0.0}, {""range"": 1.9014613115433698, ""doppler"": 0.0, ""angle"": 42.770605325990196, ""elevation"": 0.0}]",1785098548089.1252
4,"[{""range"": 0.6425609002896766, ""doppler"": 0.0, ""angle"": 2.855239173040847, ""elevation"": 0.0}, {""range"": 0.656296591103806, ""doppler"": 0.0, ""angle"": 3.6084688525663444, ""elevation"": 0.0}, {""range"": 1.8761678983218477, ""doppler"": 0.0, ""angle"": 40.88026975061531, ""elevation"": 0.0}, {""range"": 1.8967304554857365, ""doppler"": 0.0, ""angle"": 43.52552091095656, ""elevation"": 0.0}]",1785098548179.449
5,"[{""range"": 0.6354721438134755, ""doppler"": 0.0, ""angle"": -8.903059368993649, ""elevation"": 0.0}, {""range"": 2.7958926893848637, ""doppler"": 0.0, ""angle"": -3.475988003462123, ""elevation"": 0.0}, {""range"": 0.8794961496619365, ""doppler"": 0.0, ""angle"": 37.23335005783531, ""elevation"": 0.0}, {""range"": 0.8879395317239358, ""doppler"": 0.0, ""angle"": 36.475285780949825, ""elevation"": 0.0}, {""range"": 2.0535590513501236, ""doppler"": 0.0, ""angle"": 45.34925262715865, ""elevation"": 0.0}]",1785098548278.8943
1,"[{""range"": 0.6407306246842925, ""doppler"": 0.0, ""angle"": 2.4312097636852874, ""elevation"": 0.0}]",1785098548374.719
3,"[{""range"": 0.6138207315553331, ""doppler"": 0.0, ""angle"": -1.1851457328852153, ""elevation"": 0.0}, {""range"": 0.6438457117089602, ""doppler"": 0.0, ""angle"": -2.5787178646419386, ""elevation"": 0.0}, {""range"": 0.6651709635194496, ""doppler"": 0.0, ""angle"": -2.2647545482234266, ""elevation"": 0.0}]",1785098548479.203
4,"[{""range"": 0.4059917907810505, ""doppler"": 0.0, ""angle"": -27.659813638131375, ""elevation"": 0.0}, {""range"": 0.6713154502698065, ""doppler"": 0.0, ""angle"": 4.996843743833817, ""elevation"": 0.0}, {""range"": 1.905155892145718, ""doppler"": 0.0, ""angle"": 41.659441585941714, ""elevation"": 0.0}, {""range"": 1.8833816396590572, ""doppler"": 0.0, ""angle"": 43.972917848866985, ""elevation"": 0.0}]",1785098548575.44
7,"[{""range"": 0.6579108013587425, ""doppler"": 0.0, ""angle"": -6.0220475470749575, ""elevation"": 0.0}, {""range"": 1.2822638884437598, ""doppler"": 0.0, ""angle"": -8.290556332421405, ""elevation"": 0.0}, {""range"": 0.6115613273944989, ""doppler"": 0.0, ""angle"": -0.435573558237931, ""elevation"": 0.0}, {""range"": 0.6242204925241132, ""doppler"": 0.0, ""angle"": 1.2967317266539278, ""elevation"": 0.0}, {""range"": 1.878378155901918, ""doppler"": 0.0, ""angle"": 43.14070103205104, ""elevation"": 0.0}, {""range"": 1.9065379239627145, ""doppler"": 0.0, ""angle"": 44.1830100353927, ""elevation"": 0.0}, {""range"": 1.9481008384468956, ""doppler"": 0.0, ""angle"": 57.722015410553325, ""elevation"": 0.0}]",1785098548686.377
5,"[{""range"": 0.6574440034691446, ""doppler"": 0.0, ""angle"": -4.5708144841660285, ""elevation"": 0.0}, {""range"": 0.6389022874391671, ""doppler"": 0.0, ""angle"": 0.03207152170670683, ""elevation"": 0.0}, {""range"": 0.6487425231641952, ""doppler"": 0.0, ""angle"": -3.0177677249084476, ""elevation"": 0.0}, {""range"": 1.906119007072986, ""doppler"": 0.0, ""angle"": 43.35408800401285, ""elevation"": 0.0}, {""range"": 1.8808150872989187, ""doppler"": 0.0, ""angle"": 43.655601025251684, ""elevation"": 0.0}]",1785098548779.1018
5,"[{""range"": 0.6286384363822003, ""doppler"": 0.0, ""angle"": 1.059402913977201, ""elevation"": 0.0}, {""range"": 0.6412423509463916, ""doppler"": 0.0, ""angle"": 0.39943426728238113, ""elevation"": 0.0}, {""range"": 0.6500005556981499, ""doppler"": 0.0, ""angle"": 0.346765270659559, ""elevation"": 0.0}, {""range"": 1.8773539052878774, ""doppler"": 0.0, ""angle"": 42.448427798437905, ""elevation"": 0.0}, {""range"": 1.899143728405351, ""doppler"": 0.0, ""angle"": 45.152584937584244, ""elevation"": 0.0}]",1785098548889.7632
6,"[{""range"": 0.6468499599991437, ""doppler"": 0.0, ""angle"": 3.677109714420683, ""elevation"": 0.0}, {""range"": 0.6626175870770823, ""doppler"": 0.0, ""angle"": 10.463885757242085, ""elevation"": 0.0}, {""range"": 1.8528891509549996, ""doppler"": 0.0, ""angle"": 39.191756738353945, ""elevation"": 0.0}, {""range"": 1.8712551865463363, ""doppler"": 0.0, ""angle"": 40.36078205788285, ""elevation"": 0.0}, {""range"": 1.8929414451754245, ""doppler"": 0.0, ""angle"": 44.98851864696824, ""elevation"": 0.0}, {""range"": 2.6596920258617276, ""doppler"": 0.0, ""angle"": 45.19339124777057, ""elevation"": 0.0}]",1785098548979.073
5,"[{""range"": 0.6426337461509032, ""doppler"": 0.0, ""angle"": -1.2595706620941953, ""elevation"": 0.0}, {""range"": 0.6602833519161756, ""doppler"": 0.0, ""angle"": -1.008624310660236, ""elevation"": 0.0}, {""range"": 0.6656734603157332, ""doppler"": 0.0, ""angle"": -1.1236044375516268, ""elevation"": 0.0}, {""range"": 0.6806476015066592, ""doppler"": 0.0, ""angle"": -0.8881188250852726, ""elevation"": 0.0}, {""range"": 1.8716186547896425, ""doppler"": 0.0, ""angle"": 40.27236023057785, ""elevation"": 0.0}]",1785098549079.072
6,"[{""range"": 0.45774138944008436, ""doppler"": 0.0, ""angle"": -28.43718846814332, ""elevation"": 0.0}, {""range"": 0.478459043713379, ""doppler"": 0.0, ""angle"": -29.362419322871602, ""elevation"": 0.0}, {""range"": 0.652532448527895, ""doppler"": 0.0, ""angle"": 7.130858683898689, ""elevation"": 0.0}, {""range"": 0.6152742976740952, ""doppler"": 0.0, ""angle"": 33.35754698677112, ""elevation"": 0.0}, {""range"": 0.6251414167436101, ""doppler"": 0.0, ""angle"": 29.791635097989065, ""elevation"": 0.0}, {""range"": 1.8782300385358934, ""doppler"": 0.0, ""angle"": 41.835574501659394, ""elevation"": 0.0}]",1785098549186.239
4,"[{""range"": 0.6517792434803211, ""doppler"": 0.0, ""angle"": 0.15718967287857763, ""elevation"": 0.0}, {""range"": 0.6671559631702332, ""doppler"": 0.0, ""angle"": -0.10749664593944575, ""elevation"": 0.0}, {""range"": 0.6913651097707668, ""doppler"": 0.0, ""angle"": 3.5439811157194816, ""elevation"": 0.0}, {""range"": 1.8675923880116054, ""doppler"": 0.0, ""angle"": 41.90688412164256, ""elevation"": 0.0}]",1785098549285.835
6,"[{""range"": 0.62877854827307, ""doppler"": 0.0, ""angle"": -0.8473160797066684, ""elevation"": 0.0}, {""range"": 0.6377131668775896, ""doppler"": 0.0, ""angle"": -0.8033093834261931, ""elevation"": 0.0}, {""range"": 0.6524861414023547, ""doppler"": 0.0, ""angle"": -1.3190776155085453, ""elevation"": 0.0}, {""range"": 1.8783474388079775, ""doppler"": 0.0, ""angle"": 41.08997391237074, ""elevation"": 0.0}, {""range"": 1.9080039869151952, ""doppler"": 0.0, ""angle"": 43.36710987569644, ""elevation"": 0.0}, {""range"": 1.949659158441442, ""doppler"": 0.0, ""angle"": 49.10573691020075, ""elevation"": 0.0}]",1785098549389.039
