time_s,sequence,interval_ms,status,status_code,distance_cm
3.138338417,0,20.0,Ok,0x0,16.0
3.158260042,1,20.0,Ok,0x0,13.0
3.1782893750000003,2,20.0,Ok,0x0,15.0
3.198290042,3,20.0,Ok,0x0,16.0
3.2182795840000002,4,20.0,Ok,0x0,16.0
3.2382454999999997,5,20.0,Ok,0x0,14.0
3.2582446249999997,6,20.0,Ok,0x0,14.0
3.2783180840000004,7,20.0,Ok,0x0,16.0
3.298311334,8,20.0,Ok,0x0,16.0
3.318252375,9,20.0,Ok,0x0,16.0
3.338288542,10,20.0,Ok,0x0,15.0
3.3583754169999995,11,20.0,Ok,0x0,13.0
3.3783169170000003,12,20.0,Ok,0x0,16.0
3.3984335420000003,13,20.0,Ok,0x0,19.0
3.418586459,14,20.0,Ok,0x0,16.0
3.438664792,15,20.0,Ok,0x0,16.0
3.4590130419999996,16,20.0,Ok,0x0,20.0
3.4788074169999996,17,20.0,Ok,0x0,20.0
3.4990245,18,20.0,Ok,0x0,30.0
3.5188391670000003,19,20.0,Ok,0x0,35.0
3.5429632499999997,20,20.0,Ok,0x0,36.0
3.5586937919999997,21,20.0,Ok,0x0,32.0
3.578914459,22,20.0,Ok,0x0,31.0
3.5992747090000003,23,20.0,Ok,0x0,29.0
3.6190117089999996,24,20.0,Ok,0x0,35.0
3.6388216250000003,25,20.0,Ok,0x0,27.0
3.6588107919999997,26,20.0,Ok,0x0,30.0
3.6809425840000003,27,20.0,Ok,0x0,35.0
3.6986744170000003,28,20.0,Ok,0x0,37.0
3.7185806249999995,29,20.0,Ok,0x0,38.0
3.7390036669999995,30,20.0,Ok,0x0,39.0
3.758924834,31,20.0,Ok,0x0,41.0
3.7789252500000003,32,20.0,Ok,0x0,42.0
3.7989176669999996,33,20.0,Ok,0x0,46.0
3.8189146249999997,34,20.0,Ok,0x0,39.0
3.8389314169999995,35,20.0,Ok,0x0,35.0
3.858950375,36,20.0,Ok,0x0,33.0
3.8789187499999995,37,20.0,Ok,0x0,31.0
3.8989867919999996,38,20.0,Ok,0x0,36.0
3.9187860839999997,39,20.0,Ok,0x0,32.0
3.939375417,40,20.0,Ok,0x0,32.0
3.9591249590000004,41,20.0,Ok,0x0,35.0
3.9789807919999998,42,20.0,Ok,0x0,26.0
3.9988793339999997,43,20.0,Ok,0x0,15.0
4.018897625,44,20.0,Ok,0x0,18.0
4.03901825,45,20.0,Ok,0x0,18.0
4.058640875,46,20.0,Ok,0x0,24.0
4.078553167,47,20.0,Ok,0x0,27.0
4.098386292,48,20.0,Ok,0x0,25.0
4.118337375,49,20.0,Ok,0x0,30.0
4.138420667,50,20.0,Ok,0x0,31.0
4.158417084,51,20.0,Ok,0x0,30.0
4.1782734999999995,52,20.0,Ok,0x0,28.0
4.198309542,53,20.0,Ok,0x0,28.0
4.218284959,54,20.0,Ok,0x0,29.0
4.238336542,55,20.0,Ok,0x0,29.0
4.258265834,56,20.0,Ok,0x0,27.0
4.278223542,57,20.0,Ok,0x0,31.0
4.298312667,58,20.0,Ok,0x0,23.0
4.318281209,59,20.0,Ok,0x0,28.0
4.338286459,60,20.0,Ok,0x0,28.0
4.358275834,61,20.0,Ok,0x0,31.0
4.378788625,62,20.0,Ok,0x0,21.0
4.39868725,63,20.0,Ok,0x0,29.0
4.418509375,64,20.0,Ok,0x0,29.0
4.4388204589999996,65,20.0,Ok,0x0,25.0
4.458967334,66,20.0,Ok,0x0,27.0
4.478873042,67,20.0,Ok,0x0,28.0
4.49879125,68,20.0,Ok,0x0,24.0
4.521550084,69,20.0,Ok,0x0,25.0
4.540881584,70,20.0,Ok,0x0,28.0
4.558477125,71,20.0,Ok,0x0,28.0
4.578776834,72,20.0,Ok,0x0,23.0
4.598895125,73,20.0,Ok,0x0,27.0
4.619007459,74,20.0,Ok,0x0,26.0
4.638966292,75,20.0,Ok,0x0,28.0
4.6587366249999995,76,20.0,Ok,0x0,24.0
4.6788465839999995,77,20.0,Ok,0x0,30.0
4.698872959,78,20.0,Ok,0x0,28.0
4.718834375,79,20.0,Ok,0x0,29.0
4.738822542,80,20.0,Ok,0x0,26.0
4.75890475,81,20.0,Ok,0x0,26.0
4.778863542,82,20.0,Ok,0x0,26.0
4.79884925,83,20.0,Ok,0x0,30.0
4.819057375,84,20.0,Ok,0x0,25.0
4.838766167,85,20.0,Ok,0x0,25.0
4.858823334,86,20.0,Ok,0x0,25.0
4.879320959,87,20.0,Ok,0x0,24.0
4.89905,88,20.0,Ok,0x0,26.0
4.918886667,89,20.0,Ok,0x0,25.0
4.9388585,90,20.0,Ok,0x0,29.0
4.958924917,91,20.0,Ok,0x0,27.0
4.97934425,92,20.0,Ok,0x0,23.0
4.9990440419999995,93,20.0,Ok,0x0,25.0
5.019247459,94,20.0,Ok,0x0,25.0
5.039137125,95,20.0,Ok,0x0,22.0
5.058606834,96,20.0,Ok,0x0,28.0
5.078475167,97,20.0,Ok,0x0,26.0
5.0983275,98,20.0,Ok,0x0,29.0
5.118341292,99,20.0,Ok,0x0,25.0
5.138337875,100,20.0,Ok,0x0,25.0
5.1582494169999995,101,20.0,Ok,0x0,24.0
5.178233875,102,20.0,Ok,0x0,26.0
5.198296125,103,20.0,Ok,0x0,27.0
5.218274667,104,20.0,Ok,0x0,29.0
5.2382976249999995,105,20.0,Ok,0x0,27.0
5.2582379999999995,106,20.0,Ok,0x0,22.0
5.278202292,107,20.0,Ok,0x0,26.0
5.298247084,108,20.0,Ok,0x0,23.0
5.318207167000001,109,20.0,Ok,0x0,28.0
5.338208417000001,110,20.0,Ok,0x0,25.0
5.3582072499999995,111,20.0,Ok,0x0,28.0
5.378297958999999,112,20.0,Ok,0x0,23.0
5.398459000000001,113,20.0,Ok,0x0,24.0
5.418651917,114,20.0,Ok,0x0,25.0
5.438839667,115,20.0,Ok,0x0,22.0
5.4586049590000005,116,20.0,Ok,0x0,24.0
5.478859042,117,20.0,Ok,0x0,22.0
5.498938792000001,118,20.0,Ok,0x0,23.0
5.518991916999999,119,20.0,Ok,0x0,27.0
5.538963875,120,20.0,Ok,0x0,28.0
5.558946834,121,20.0,Ok,0x0,28.0
5.57894125,122,20.0,Ok,0x0,28.0
5.598950209,123,20.0,Ok,0x0,27.0
5.618947084,124,20.0,Ok,0x0,24.0
5.638660084,125,20.0,Ok,0x0,25.0
5.658869834000001,126,20.0,Ok,0x0,24.0
5.6789341669999995,127,20.0,Ok,0x0,24.0
5.698849834000001,128,20.0,Ok,0x0,28.0
5.719792125,129,20.0,Ok,0x0,27.0
5.738985917000001,130,20.0,Ok,0x0,26.0
5.758688749999999,131,20.0,Ok,0x0,26.0
5.7790606669999995,132,20.0,Ok,0x0,27.0
5.799128625,133,20.0,Ok,0x0,25.0
5.819158,134,20.0,Ok,0x0,27.0
5.8393402089999995,135,20.0,Ok,0x0,27.0
5.859079083999999,136,20.0,Ok,0x0,23.0
5.878903875000001,137,20.0,Ok,0x0,25.0
5.898954874999999,138,20.0,Ok,0x0,27.0
5.919030917000001,139,20.0,Ok,0x0,26.0
5.939037042000001,140,20.0,Ok,0x0,20.0
5.958871959,141,20.0,Ok,0x0,23.0
5.97901875,142,20.0,Ok,0x0,24.0
5.99881375,143,20.0,Ok,0x0,24.0
6.018726792000001,144,20.0,Ok,0x0,29.0
6.039828792,145,20.0,Ok,0x0,29.0
6.058927125,146,20.0,Ok,0x0,29.0
6.078975375000001,147,20.0,Ok,0x0,31.0
6.098886667,148,20.0,Ok,0x0,29.0
6.119031584,149,20.0,Ok,0x0,32.0
6.1388275,150,20.0,Ok,0x0,31.0
6.158330375,151,20.0,Ok,0x0,32.0
6.178673874999999,152,20.0,Ok,0x0,29.0
6.198703500000001,153,20.0,Ok,0x0,26.0
6.218721416999999,154,20.0,Ok,0x0,30.0
6.238698167000001,155,20.0,Ok,0x0,31.0
6.2585935,156,20.0,Ok,0x0,29.0
6.278670249999999,157,20.0,Ok,0x0,29.0
6.298399999999999,158,20.0,Ok,0x0,31.0
6.318626125,159,20.0,Ok,0x0,31.0
6.338880459,160,20.0,Ok,0x0,28.0
6.358876416999999,161,20.0,Ok,0x0,30.0
6.378831584,162,20.0,Ok,0x0,32.0
6.398890584,163,20.0,Ok,0x0,28.0
6.418916542,164,20.0,Ok,0x0,30.0
6.441156584,165,20.0,Ok,0x0,31.0
6.458646999999999,166,20.0,Ok,0x0,31.0
6.478734459,167,20.0,Ok,0x0,31.0
6.498856834,168,20.0,Ok,0x0,30.0
6.518787874999999,169,20.0,Ok,0x0,34.0
6.5391172090000005,170,20.0,Ok,0x0,34.0
6.558943875000001,171,20.0,Ok,0x0,30.0
6.578863291999999,172,20.0,Ok,0x0,27.0
6.598821292,173,20.0,Ok,0x0,32.0
6.618896791999999,174,20.0,Ok,0x0,26.0
6.6399226670000004,175,20.0,Ok,0x0,31.0
6.658646459,176,20.0,Ok,0x0,31.0
6.678418667000001,177,20.0,Ok,0x0,27.0
6.6985973340000005,178,20.0,Ok,0x0,30.0
6.718695875,179,20.0,Ok,0x0,29.0
6.738473000000001,180,20.0,Ok,0x0,29.0
6.7586720840000005,181,20.0,Ok,0x0,29.0
6.778321249999999,182,20.0,Ok,0x0,29.0
6.798793249999999,183,20.0,Ok,0x0,29.0
6.819019708999999,184,20.0,Ok,0x0,31.0
6.839053334000001,185,20.0,Ok,0x0,30.0
6.858656584,186,20.0,Ok,0x0,36.0
6.878718125000001,187,20.0,Ok,0x0,32.0
6.898888124999999,188,20.0,Ok,0x0,28.0
6.9185412500000005,189,20.0,Ok,0x0,30.0
6.938963292,190,20.0,Ok,0x0,29.0
6.958894209,191,20.0,Ok,0x0,28.0
6.978930667,192,20.0,Ok,0x0,27.0
6.998988834,193,20.0,Ok,0x0,30.0
7.018790292,194,20.0,Ok,0x0,32.0
7.038856292,195,20.0,Ok,0x0,29.0
7.058674999999999,196,20.0,Ok,0x0,31.0
7.078791334,197,20.0,Ok,0x0,27.0
7.098706,198,20.0,Ok,0x0,33.0
7.118803291999999,199,20.0,Ok,0x0,31.0
7.139004542,200,20.0,Ok,0x0,29.0
7.160981916999999,201,20.0,Ok,0x0,30.0
7.178584125,202,20.0,Ok,0x0,34.0
7.198919084,203,20.0,Ok,0x0,30.0
7.218808834000001,204,20.0,Ok,0x0,30.0
7.238958542000001,205,20.0,Ok,0x0,24.0
7.258849916999999,206,20.0,Ok,0x0,29.0
7.278418209,207,20.0,Ok,0x0,27.0
7.298337417000001,208,20.0,Ok,0x0,26.0
7.318567542,209,20.0,Ok,0x0,24.0
7.338586167000001,210,20.0,Ok,0x0,29.0
7.3587736669999995,211,20.0,Ok,0x0,28.0
7.378801292,212,20.0,Ok,0x0,31.0
7.398755209000001,213,20.0,Ok,0x0,26.0
7.418534083999999,214,20.0,Ok,0x0,31.0
7.438746792,215,20.0,Ok,0x0,27.0
7.458437542,216,20.0,Ok,0x0,29.0
7.479053625000001,217,20.0,Ok,0x0,26.0
7.498670583999999,218,20.0,Ok,0x0,25.0
7.5187115,219,20.0,Ok,0x0,31.0
7.538804709000001,220,20.0,Ok,0x0,30.0
7.558614,221,20.0,Ok,0x0,26.0
7.5787795419999995,222,20.0,Ok,0x0,29.0
7.598799584,223,20.0,Ok,0x0,29.0
7.6186289590000005,224,20.0,Ok,0x0,28.0
7.638910167000001,225,20.0,Ok,0x0,28.0
7.658786167000001,226,20.0,Ok,0x0,31.0
7.678604792,227,20.0,Ok,0x0,36.0
7.698854792000001,228,20.0,Ok,0x0,33.0
7.7187864170000005,229,20.0,Ok,0x0,38.0
7.738874125000001,230,20.0,Ok,0x0,37.0
7.758656209,231,20.0,Ok,0x0,38.0
7.7784505,232,20.0,Ok,0x0,24.0
7.798780750000001,233,20.0,Ok,0x0,21.0
7.818863084,234,20.0,Ok,0x0,21.0
7.838693417,235,20.0,Ok,0x0,16.0
7.858746125,236,20.0,Ok,0x0,15.0
7.8787674590000005,237,20.0,Ok,0x0,19.0
7.898765792000001,238,20.0,Ok,0x0,17.0
7.919187708999999,239,20.0,Ok,0x0,17.0
7.938807959,240,20.0,Ok,0x0,23.0
7.958728125,241,20.0,Ok,0x0,16.0
7.978884167,242,20.0,Ok,0x0,17.0
7.998436584,243,20.0,Ok,0x0,17.0
8.018514625,244,20.0,Ok,0x0,15.0
8.038431834,245,20.0,Ok,0x0,14.0
8.058501709,246,20.0,Ok,0x0,15.0
8.078302042,247,20.0,Ok,0x0,15.0
8.098265834,248,20.0,Ok,0x0,20.0
8.118175542,249,20.0,Ok,0x0,22.0
8.138224,250,20.0,Ok,0x0,24.0
8.158144584,251,20.0,Ok,0x0,28.0
8.178122792,252,20.0,Ok,0x0,30.0
8.198197584,253,20.0,Ok,0x0,24.0
8.218122334,254,20.0,Ok,0x0,27.0
8.238193834,255,20.0,Ok,0x0,29.0
8.258087667,256,20.0,Ok,0x0,32.0
8.278073,257,20.0,Ok,0x0,34.0
8.298141667,258,20.0,Ok,0x0,30.0
8.31808375,259,20.0,Ok,0x0,38.0
8.338045709,260,20.0,Ok,0x0,35.0
8.358358334,261,20.0,Ok,0x0,35.0
8.379251334,262,20.0,Ok,0x0,32.0
8.398126667,263,20.0,Ok,0x0,35.0
8.418336209,264,20.0,Ok,0x0,33.0
8.438292792,265,20.0,Ok,0x0,33.0
8.458779625,266,20.0,Ok,0x0,31.0
8.478798542,267,20.0,Ok,0x0,33.0
8.498811959,268,20.0,Ok,0x0,31.0
8.518763625,269,20.0,Ok,0x0,33.0
8.539118625,270,20.0,Ok,0x0,33.0
8.5584405,271,20.0,Ok,0x0,36.0
8.578655834,272,20.0,Ok,0x0,34.0
8.598601209,273,20.0,Ok,0x0,27.0
8.61891475,274,20.0,Ok,0x0,31.0
8.638942709,275,20.0,Ok,0x0,24.0
8.658854459,276,20.0,Ok,0x0,28.0
8.678724209,277,20.0,Ok,0x0,19.0
8.698527499999999,278,20.0,Ok,0x0,22.0
8.719005375,279,20.0,Ok,0x0,24.0
8.738758959,280,20.0,Ok,0x0,24.0
8.758679042,281,20.0,Ok,0x0,20.0
8.778786334,282,20.0,Ok,0x0,24.0
8.799126417,283,20.0,Ok,0x0,25.0
8.81977625,284,20.0,Ok,0x0,31.0
8.838423167,285,20.0,Ok,0x0,28.0
8.858869,286,20.0,Ok,0x0,29.0
8.879006625,287,20.0,Ok,0x0,29.0
8.908406917,288,20.0,Ok,0x0,28.0
8.918057209,289,20.0,Ok,0x0,31.0
8.938836542,290,20.0,Ok,0x0,32.0
8.958743584,291,20.0,Ok,0x0,33.0
8.979005584,292,20.0,Ok,0x0,28.0
8.998574042,293,20.0,Ok,0x0,29.0
9.018582625,294,20.0,Ok,0x0,21.0
9.038975917,295,20.0,Ok,0x0,22.0
9.058558584,296,20.0,Ok,0x0,24.0
9.078951084,297,20.0,Ok,0x0,28.0
9.098519167,298,20.0,Ok,0x0,26.0
9.118484417,299,20.0,Ok,0x0,28.0
9.138810125,300,20.0,Ok,0x0,24.0
9.158746,301,20.0,Ok,0x0,25.0
9.178722209,302,20.0,Ok,0x0,23.0
9.198767459,303,20.0,Ok,0x0,27.0
9.218701042,304,20.0,Ok,0x0,20.0
9.238677625,305,20.0,Ok,0x0,18.0
9.258550209,306,20.0,Ok,0x0,24.0
9.278510209,307,20.0,Ok,0x0,24.0
9.298439875,308,20.0,Ok,0x0,16.0
9.318504167,309,20.0,Ok,0x0,20.0
9.338497709,310,20.0,Ok,0x0,20.0
9.3586655,311,20.0,Ok,0x0,17.0
9.378605667,312,20.0,Ok,0x0,23.0
9.398661334,313,20.0,Ok,0x0,23.0
9.418754584,314,20.0,Ok,0x0,21.0
9.4383855,315,20.0,Ok,0x0,24.0
9.459213917,316,20.0,Ok,0x0,24.0
9.478649459,317,20.0,Ok,0x0,20.0
9.498705709,318,20.0,Ok,0x0,22.0
9.518516542,319,20.0,Ok,0x0,25.0
9.538665584,320,20.0,Ok,0x0,24.0
9.55883675,321,20.0,Ok,0x0,23.0
9.57866175,322,20.0,Ok,0x0,24.0
9.598629,323,20.0,Ok,0x0,24.0
9.618627792,324,20.0,Ok,0x0,23.0
9.63852125,325,20.0,Ok,0x0,27.0
9.658477584,326,20.0,Ok,0x0,24.0
9.678596125,327,20.0,Ok,0x0,27.0
9.698453584,328,20.0,Ok,0x0,27.0
9.718612,329,20.0,Ok,0x0,25.0
9.738429584,330,20.0,Ok,0x0,28.0
9.758712917,331,20.0,Ok,0x0,23.0
9.779005625,332,20.0,Ok,0x0,24.0
9.799041292,333,20.0,Ok,0x0,27.0
9.818749334,334,20.0,Ok,0x0,24.0
9.838690792,335,20.0,Ok,0x0,27.0
9.858794959,336,20.0,Ok,0x0,24.0
9.878328917,337,20.0,Ok,0x0,28.0
9.898699667,338,20.0,Ok,0x0,22.0
9.918412584,339,20.0,Ok,0x0,28.0
9.939048792,340,20.0,Ok,0x0,23.0
9.958279209,341,20.0,Ok,0x0,23.0
9.978564125,342,20.0,Ok,0x0,24.0
9.998656,343,20.0,Ok,0x0,20.0
10.018199875,344,20.0,Ok,0x0,12.0
10.038541834,345,20.0,Ok,0x0,15.0
10.058486875,346,20.0,Ok,0x0,11.0
10.078555542,347,20.0,Ok,0x0,0.0
10.098531709,348,20.0,RangingNegativeDistance,0x1b,3.0
10.118494167,349,20.0,Ok,0x0,4.0
10.138516084,350,20.0,Ok,0x0,49.0
10.158689459,351,20.0,Ok,0x0,53.0
10.178661667,352,20.0,Ok,0x0,53.0
10.198319167,353,20.0,Ok,0x0,35.0
10.218847042,354,20.0,Ok,0x0,49.0
10.238627375,355,20.0,Ok,0x0,33.0
10.258381375,356,20.0,Ok,0x0,35.0
10.278303375,357,20.0,Ok,0x0,36.0
10.298579042,358,20.0,Ok,0x0,34.0
10.318632209,359,20.0,Ok,0x0,32.0
10.338602542,360,20.0,Ok,0x0,37.0
10.358558459,361,20.0,Ok,0x0,29.0
10.378647917,362,20.0,Ok,0x0,31.0
10.398489917,363,20.0,Ok,0x0,29.0
10.41825475,364,20.0,Ok,0x0,26.0
10.438519292,365,20.0,Ok,0x0,28.0
10.458970875,366,20.0,Ok,0x0,31.0
10.478630167,367,20.0,Ok,0x0,30.0
10.498638,368,20.0,Ok,0x0,28.0
10.518396417,369,20.0,Ok,0x0,29.0
10.538752875,370,20.0,Ok,0x0,27.0
10.55858325,371,20.0,Ok,0x0,30.0
10.578733249999999,372,20.0,Ok,0x0,31.0
10.598007459,373,20.0,Ok,0x0,25.0
10.618251209,374,20.0,Ok,0x0,28.0
10.638089792,375,20.0,Ok,0x0,25.0
10.658126917,376,20.0,Ok,0x0,31.0
10.678778625,377,20.0,Ok,0x0,28.0
10.698382375,378,20.0,Ok,0x0,28.0
10.718745334,379,20.0,Ok,0x0,32.0
10.738636459,380,20.0,Ok,0x0,27.0
10.758614834,381,20.0,Ok,0x0,29.0
10.7787145,382,20.0,Ok,0x0,26.0
10.798686459,383,20.0,Ok,0x0,26.0
10.818623792,384,20.0,Ok,0x0,31.0
10.838584084,385,20.0,Ok,0x0,28.0
10.858683792,386,20.0,Ok,0x0,28.0
10.878986625,387,20.0,Ok,0x0,25.0
10.898525,388,20.0,Ok,0x0,26.0
10.91830075,389,20.0,Ok,0x0,29.0
10.938408125,390,20.0,Ok,0x0,23.0
10.958660917,391,20.0,Ok,0x0,29.0
10.978686959,392,20.0,Ok,0x0,29.0
10.998691292,393,20.0,Ok,0x0,28.0
11.018729417,394,20.0,Ok,0x0,31.0
11.038663,395,20.0,Ok,0x0,27.0
11.058650792,396,20.0,Ok,0x0,28.0
11.078536834,397,20.0,Ok,0x0,25.0
11.098608917,398,20.0,Ok,0x0,28.0
11.118560792,399,20.0,Ok,0x0,28.0
11.13868225,400,20.0,Ok,0x0,24.0
11.159604,401,20.0,Ok,0x0,29.0
11.178709542,402,20.0,Ok,0x0,28.0
11.198620917,403,20.0,Ok,0x0,27.0
11.219475709,404,20.0,Ok,0x0,28.0
11.238648709,405,20.0,Ok,0x0,27.0
11.258481584,406,20.0,Ok,0x0,28.0
11.27856825,407,20.0,Ok,0x0,26.0
11.298660667,408,20.0,Ok,0x0,31.0
11.31881525,409,20.0,Ok,0x0,24.0
11.338154459,410,20.0,Ok,0x0,24.0
11.358251167,411,20.0,Ok,0x0,26.0
11.378624084,412,20.0,Ok,0x0,30.0
11.398737584,413,20.0,Ok,0x0,28.0
11.418354625,414,20.0,Ok,0x0,30.0
11.438735375,415,20.0,Ok,0x0,31.0
11.45895175,416,20.0,Ok,0x0,31.0
11.478586209,417,20.0,Ok,0x0,27.0
11.4985335,418,20.0,Ok,0x0,27.0
11.518265709,419,20.0,Ok,0x0,29.0
11.539070667,420,20.0,Ok,0x0,31.0
11.557948417,421,20.0,Ok,0x0,32.0
11.578315792,422,20.0,Ok,0x0,31.0
11.598695292,423,20.0,Ok,0x0,32.0
11.618772375,424,20.0,Ok,0x0,28.0
11.638735042,425,20.0,Ok,0x0,30.0
11.658731375,426,20.0,Ok,0x0,28.0
11.678594875,427,20.0,Ok,0x0,30.0
11.698750917,428,20.0,Ok,0x0,31.0
11.71872225,429,20.0,Ok,0x0,32.0
11.7387845,430,20.0,Ok,0x0,33.0
11.758848709,431,20.0,Ok,0x0,25.0
11.778356,432,20.0,Ok,0x0,27.0
11.798744209,433,20.0,Ok,0x0,29.0
11.818678375,434,20.0,Ok,0x0,30.0
11.838607375,435,20.0,Ok,0x0,23.0
11.858774209,436,20.0,Ok,0x0,30.0
11.878673667,437,20.0,Ok,0x0,23.0
11.898808125,438,20.0,Ok,0x0,26.0
11.918751917,439,20.0,Ok,0x0,32.0
11.938761625,440,20.0,Ok,0x0,26.0
11.958700417,441,20.0,Ok,0x0,31.0
11.97951425,442,20.0,Ok,0x0,28.0
11.998855,443,20.0,Ok,0x0,26.0
12.018767792,444,20.0,Ok,0x0,30.0
12.038690792,445,20.0,Ok,0x0,25.0
12.058663083999999,446,20.0,Ok,0x0,31.0
12.078628459,447,20.0,Ok,0x0,32.0
12.098678,448,20.0,Ok,0x0,29.0
12.118553792,449,20.0,Ok,0x0,27.0
12.138631625,450,20.0,Ok,0x0,29.0
12.158748459,451,20.0,Ok,0x0,33.0
12.178699125,452,20.0,Ok,0x0,31.0
12.198678709,453,20.0,Ok,0x0,33.0
12.2186175,454,20.0,Ok,0x0,33.0
12.238603792,455,20.0,Ok,0x0,31.0
12.258616625,456,20.0,Ok,0x0,37.0
12.278450334,457,20.0,Ok,0x0,30.0
12.298621792,458,20.0,Ok,0x0,30.0
12.319696125,459,20.0,Ok,0x0,37.0
12.338606417,460,20.0,Ok,0x0,34.0
12.358574209,461,20.0,Ok,0x0,34.0
12.378624542,462,20.0,Ok,0x0,42.0
12.3986375,463,20.0,Ok,0x0,31.0
12.418557209,464,20.0,Ok,0x0,34.0
12.438701959,465,20.0,Ok,0x0,33.0
12.45863025,466,20.0,Ok,0x0,46.0
12.47859925,467,20.0,Ok,0x0,40.0
12.498547125,468,20.0,Ok,0x0,41.0
12.518710459,469,20.0,Ok,0x0,43.0
12.538881167,470,20.0,Ok,0x0,41.0
12.558688584,471,20.0,Ok,0x0,39.0
12.5785775,472,20.0,Ok,0x0,35.0
12.59863175,473,20.0,Ok,0x0,31.0
12.61861575,474,20.0,Ok,0x0,28.0
12.638967292,475,20.0,Ok,0x0,24.0
12.658674208999999,476,20.0,Ok,0x0,16.0
12.678357625,477,20.0,Ok,0x0,9.0
12.698538417,478,20.0,Ok,0x0,7.0
12.718558999999999,479,20.0,RangingNegativeDistance,0x1b,1.0
12.738655834,480,20.0,Ok,0x0,37.0
12.758511792,481,20.0,RangingNegativeDistance,0x1b,1.0
12.778549292,482,20.0,RangingNegativeDistance,0x1b,1.0
12.798551792,483,20.0,RangingNegativeDistance,0x1b,2.0
12.8185365,484,20.0,Ok,0x0,4.0
12.838543792,485,20.0,RangingNegativeDistance,0x1b,1.0
12.858519125,486,20.0,Ok,0x0,0.0
12.878467709,487,20.0,Ok,0x0,1.0
12.898485709,488,20.0,Ok,0x0,7.0
12.918481917,489,20.0,Ok,0x0,3.0
12.938473334,490,20.0,Ok,0x0,4.0
12.95850525,491,20.0,Ok,0x0,10.0
12.978512375,492,20.0,Ok,0x0,11.0
12.998460125,493,20.0,Ok,0x0,17.0
13.018412084,494,20.0,Ok,0x0,19.0
13.038330959,495,20.0,Ok,0x0,22.0
13.058308292,496,20.0,Ok,0x0,23.0
13.078488167,497,20.0,Ok,0x0,24.0
13.098402542,498,20.0,Ok,0x0,32.0
13.118400375,499,20.0,Ok,0x0,30.0
13.138421459,500,20.0,Ok,0x0,28.0
13.158485459,501,20.0,Ok,0x0,24.0
13.178446375,502,20.0,Ok,0x0,20.0
13.198419125,503,20.0,Ok,0x0,25.0
13.218369875,504,20.0,Ok,0x0,30.0
13.238447625,505,20.0,Ok,0x0,28.0
13.258365167,506,20.0,Ok,0x0,25.0
13.278335334000001,507,20.0,Ok,0x0,32.0
13.298429041999999,508,20.0,Ok,0x0,27.0
13.318347084,509,20.0,Ok,0x0,32.0
13.338275458999998,510,20.0,Ok,0x0,29.0
13.358430875,511,20.0,Ok,0x0,31.0
13.378528374999998,512,20.0,Ok,0x0,29.0
13.398664708999998,513,20.0,Ok,0x0,33.0
13.418371209,514,20.0,Ok,0x0,25.0
13.438392125,515,20.0,Ok,0x0,25.0
13.458366334,516,20.0,Ok,0x0,27.0
13.478316042,517,20.0,Ok,0x0,31.0
13.498328791999999,518,20.0,Ok,0x0,31.0
13.5183705,519,20.0,Ok,0x0,37.0
13.538487792000002,520,20.0,Ok,0x0,20.0
13.55830775,521,20.0,Ok,0x0,26.0
13.578195667,522,20.0,Ok,0x0,34.0
13.598336709000002,523,20.0,Ok,0x0,32.0
13.618345834,524,20.0,Ok,0x0,31.0
13.638345916999999,525,20.0,Ok,0x0,24.0
13.658295083999999,526,20.0,Ok,0x0,24.0
13.678367625,527,20.0,Ok,0x0,27.0
13.698447459,528,20.0,Ok,0x0,31.0
13.718450625,529,20.0,Ok,0x0,24.0
13.738367875000002,530,20.0,Ok,0x0,24.0
13.758353084,531,20.0,Ok,0x0,21.0
13.778293042000001,532,20.0,Ok,0x0,17.0
13.7983285,533,20.0,Ok,0x0,15.0
13.818289416999999,534,20.0,Ok,0x0,10.0
13.838368041999999,535,20.0,Ok,0x0,6.0
13.858316792,536,20.0,RangingNegativeDistance,0x1b,1.0
13.8783065,537,20.0,Ok,0x0,0.0
13.898279709,538,20.0,RangingNegativeDistance,0x1b,5.0
13.918298834000002,539,20.0,RangingNegativeDistance,0x1b,8.0
13.938313,540,20.0,RangingNegativeDistance,0x1b,9.0
13.958321542,541,20.0,RangingNegativeDistance,0x1b,5.0
13.97826375,542,20.0,RangingNegativeDistance,0x1b,5.0
13.998603875,543,20.0,RangingNegativeDistance,0x1b,1.0
14.018430292000001,544,20.0,Ok,0x0,2.0
14.038402667,545,20.0,Ok,0x0,7.0
14.058435917,546,20.0,Ok,0x0,15.0
14.078361542,547,20.0,Ok,0x0,15.0
14.098294208999999,548,20.0,Ok,0x0,16.0
14.118289625,549,20.0,Ok,0x0,14.0
14.138259667,550,20.0,Ok,0x0,18.0
14.158286084,551,20.0,Ok,0x0,15.0
14.178248416999999,552,20.0,Ok,0x0,16.0
14.198258249999999,553,20.0,Ok,0x0,15.0
14.218295209,554,20.0,Ok,0x0,14.0
14.238358834,555,20.0,Ok,0x0,16.0
14.258253875000001,556,20.0,Ok,0x0,15.0
14.278255792,557,20.0,Ok,0x0,16.0
14.298380250000001,558,20.0,Ok,0x0,17.0
14.318476583999999,559,20.0,Ok,0x0,17.0
14.338426875,560,20.0,Ok,0x0,16.0
14.358340917,561,20.0,Ok,0x0,16.0
14.378261209000001,562,20.0,Ok,0x0,20.0
14.398258667,563,20.0,Ok,0x0,18.0
14.418318667000001,564,20.0,Ok,0x0,16.0
14.438274084,565,20.0,Ok,0x0,16.0
14.458237167,566,20.0,Ok,0x0,17.0
14.478326208999999,567,20.0,Ok,0x0,19.0
14.498339625,568,20.0,Ok,0x0,16.0
14.518382166999999,569,20.0,Ok,0x0,19.0
14.538489375000001,570,20.0,Ok,0x0,20.0
14.558246417,571,20.0,Ok,0x0,18.0
14.578259542000001,572,20.0,Ok,0x0,18.0
14.598270959,573,20.0,Ok,0x0,16.0
14.618428625,574,20.0,Ok,0x0,17.0
14.638354709000001,575,20.0,Ok,0x0,18.0
14.6582975,576,20.0,Ok,0x0,17.0
14.678252334,577,20.0,Ok,0x0,16.0
14.698256791999999,578,20.0,Ok,0x0,17.0
14.718302792,579,20.0,Ok,0x0,21.0
14.738218917000001,580,20.0,Ok,0x0,21.0
14.758332458999998,581,20.0,Ok,0x0,29.0
14.778285292,582,20.0,Ok,0x0,23.0
14.798405375000002,583,20.0,Ok,0x0,26.0
14.818393583999999,584,20.0,Ok,0x0,22.0
14.838360042000001,585,20.0,Ok,0x0,27.0
14.858421084,586,20.0,Ok,0x0,22.0
14.878398542,587,20.0,Ok,0x0,23.0
14.898599833999999,588,20.0,Ok,0x0,24.0
14.918455209000001,589,20.0,Ok,0x0,25.0
14.938365125,590,20.0,Ok,0x0,25.0
14.958453124999998,591,20.0,Ok,0x0,24.0
14.978344292,592,20.0,Ok,0x0,24.0
14.998374625,593,20.0,Ok,0x0,24.0
15.018343917,594,20.0,Ok,0x0,23.0
15.037984375,595,20.0,Ok,0x0,24.0
15.058075875,596,20.0,Ok,0x0,23.0
15.078247000000001,597,20.0,Ok,0x0,25.0
15.09836975,598,20.0,Ok,0x0,24.0
15.118370875,599,20.0,Ok,0x0,19.0
15.138317708999999,600,20.0,Ok,0x0,19.0
15.15815525,601,20.0,Ok,0x0,17.0
15.178393458999999,602,20.0,Ok,0x0,19.0
15.198324542000002,603,20.0,Ok,0x0,19.0
15.219089084,604,20.0,Ok,0x0,17.0
15.238452792,605,20.0,Ok,0x0,19.0
15.258758666999999,606,20.0,Ok,0x0,16.0
15.278350750000001,607,20.0,Ok,0x0,15.0
15.298471333999998,608,20.0,Ok,0x0,14.0
15.317937292,609,20.0,Ok,0x0,16.0
15.337997667,610,20.0,Ok,0x0,14.0
15.35811025,611,20.0,Ok,0x0,16.0
15.378436417,612,20.0,Ok,0x0,14.0
15.398437958999999,613,20.0,Ok,0x0,13.0
15.418068375,614,20.0,Ok,0x0,17.0
15.438231041999998,615,20.0,Ok,0x0,14.0
15.457929458999999,616,20.0,Ok,0x0,14.0
15.477839249999999,617,20.0,Ok,0x0,16.0
15.497822208999999,618,20.0,Ok,0x0,14.0
15.517825709,619,20.0,Ok,0x0,15.0
15.537874334000001,620,20.0,Ok,0x0,15.0
15.558115874999999,621,20.0,Ok,0x0,14.0
15.577920709,622,20.0,Ok,0x0,15.0
15.598239042,623,20.0,Ok,0x0,16.0
15.618311209000002,624,20.0,Ok,0x0,16.0
15.638356584,625,20.0,Ok,0x0,18.0
15.6583295,626,20.0,Ok,0x0,17.0
15.678341583999998,627,20.0,Ok,0x0,20.0
15.698330334000001,628,20.0,Ok,0x0,23.0
15.718206124999998,629,20.0,Ok,0x0,25.0
15.737914374999999,630,20.0,Ok,0x0,22.0
15.758228166999999,631,20.0,Ok,0x0,25.0
15.778277,632,20.0,Ok,0x0,27.0
15.798314084000001,633,20.0,Ok,0x0,27.0
15.818249417,634,20.0,Ok,0x0,20.0
15.838351416999998,635,20.0,Ok,0x0,24.0
15.857897459,636,20.0,Ok,0x0,25.0
15.878034959,637,20.0,Ok,0x0,21.0
15.898186834,638,20.0,Ok,0x0,18.0
15.918376834,639,20.0,Ok,0x0,21.0
15.940237291999999,640,20.0,Ok,0x0,30.0
15.958429041999999,641,20.0,Ok,0x0,30.0
15.978411417,642,20.0,Ok,0x0,29.0
15.998288709,643,20.0,Ok,0x0,28.0
16.018078042,644,20.0,Ok,0x0,31.0
16.038559709,645,20.0,Ok,0x0,31.0
16.058309792,646,20.0,Ok,0x0,28.0
16.078149042,647,20.0,Ok,0x0,35.0
16.09808725,648,20.0,Ok,0x0,29.0
16.118031167,649,20.0,Ok,0x0,30.0
16.138299209,650,20.0,Ok,0x0,31.0
16.158220667,651,20.0,Ok,0x0,33.0
16.178149167,652,20.0,Ok,0x0,33.0
16.198218375,653,20.0,Ok,0x0,29.0
16.218268042,654,20.0,Ok,0x0,30.0
16.238603834,655,20.0,Ok,0x0,33.0
16.258302834,656,20.0,Ok,0x0,29.0
16.278259875,657,20.0,Ok,0x0,29.0
16.298202209,658,20.0,Ok,0x0,34.0
16.322473334,659,20.0,Ok,0x0,28.0
16.338242459,660,20.0,Ok,0x0,34.0
16.3581935,661,20.0,Ok,0x0,34.0
16.378230167,662,20.0,Ok,0x0,29.0
16.398227584,663,20.0,Ok,0x0,29.0
16.418226625,664,20.0,Ok,0x0,34.0
16.4382795,665,20.0,Ok,0x0,28.0
16.458188792,666,20.0,Ok,0x0,31.0
16.478218875,667,20.0,Ok,0x0,32.0
16.498172084,668,20.0,Ok,0x0,31.0
16.518211959,669,20.0,Ok,0x0,27.0
16.538422125,670,20.0,Ok,0x0,27.0
16.558221792,671,20.0,Ok,0x0,27.0
16.578998209,672,20.0,Ok,0x0,28.0
16.598436375,673,20.0,Ok,0x0,27.0
16.618314875,674,20.0,Ok,0x0,24.0
16.638332917,675,20.0,Ok,0x0,25.0
16.658307584,676,20.0,Ok,0x0,29.0
16.678384792,677,20.0,Ok,0x0,27.0
16.698494709,678,20.0,Ok,0x0,28.0
16.718611834,679,20.0,Ok,0x0,33.0
16.738393834,680,20.0,Ok,0x0,29.0
16.758422167,681,20.0,Ok,0x0,26.0
16.778342834,682,20.0,Ok,0x0,31.0
16.798310875,683,20.0,Ok,0x0,24.0
16.818426459,684,20.0,Ok,0x0,33.0
16.838370584,685,20.0,Ok,0x0,27.0
16.858980959,686,20.0,Ok,0x0,26.0
16.877978,687,20.0,Ok,0x0,28.0
16.898203084,688,20.0,Ok,0x0,29.0
16.918378125,689,20.0,Ok,0x0,31.0
16.9383495,690,20.0,Ok,0x0,29.0
16.957878042,691,20.0,Ok,0x0,27.0
16.977848,692,20.0,Ok,0x0,31.0
16.99802075,693,20.0,Ok,0x0,25.0
17.018183834,694,20.0,Ok,0x0,26.0
17.03845725,695,20.0,Ok,0x0,30.0
17.058438917,696,20.0,Ok,0x0,29.0
17.078346875,697,20.0,Ok,0x0,27.0
17.09786675,698,20.0,Ok,0x0,32.0
17.118054667,699,20.0,Ok,0x0,27.0
17.138206084,700,20.0,Ok,0x0,28.0
17.158441666999998,701,20.0,Ok,0x0,31.0
17.177865334,702,20.0,Ok,0x0,30.0
17.198046459,703,20.0,Ok,0x0,28.0
17.2179035,704,20.0,Ok,0x0,27.0
17.238055667,705,20.0,Ok,0x0,29.0
17.257913584,706,20.0,Ok,0x0,27.0
17.277947875,707,20.0,Ok,0x0,32.0
17.297977542,708,20.0,Ok,0x0,32.0
17.31801775,709,20.0,Ok,0x0,27.0
17.338269334,710,20.0,Ok,0x0,27.0
17.358238167,711,20.0,Ok,0x0,28.0
17.37826275,712,20.0,Ok,0x0,27.0
17.398188167,713,20.0,Ok,0x0,24.0
17.418311709,714,20.0,Ok,0x0,28.0
17.438290625,715,20.0,Ok,0x0,29.0
17.458312,716,20.0,Ok,0x0,26.0
17.478378709,717,20.0,Ok,0x0,28.0
17.498378917,718,20.0,Ok,0x0,29.0
17.518431167,719,20.0,Ok,0x0,29.0
17.539820084,720,20.0,Ok,0x0,26.0
17.558131292,721,20.0,Ok,0x0,30.0
17.578157084,722,20.0,Ok,0x0,29.0
17.598244375,723,20.0,Ok,0x0,27.0
17.618167709,724,20.0,Ok,0x0,29.0
17.638340667,725,20.0,Ok,0x0,28.0
17.658313709,726,20.0,Ok,0x0,34.0
17.678014042,727,20.0,Ok,0x0,27.0
17.697898417,728,20.0,Ok,0x0,28.0
17.718130584,729,20.0,Ok,0x0,29.0
17.738052917,730,20.0,Ok,0x0,31.0
17.757927,731,20.0,Ok,0x0,30.0
17.778341417,732,20.0,Ok,0x0,31.0
17.798379542,733,20.0,Ok,0x0,24.0
17.81819425,734,20.0,Ok,0x0,30.0
17.8381595,735,20.0,Ok,0x0,30.0
17.858278792,736,20.0,Ok,0x0,22.0
17.878162625,737,20.0,Ok,0x0,27.0
17.898306417,738,20.0,Ok,0x0,31.0
17.918130792,739,20.0,Ok,0x0,30.0
17.938091542,740,20.0,Ok,0x0,28.0
17.958133084,741,20.0,Ok,0x0,28.0
17.978066875,742,20.0,Ok,0x0,28.0
17.998094625,743,20.0,Ok,0x0,29.0
18.018071917,744,20.0,Ok,0x0,31.0
18.038084625,745,20.0,Ok,0x0,30.0
18.058222709,746,20.0,Ok,0x0,34.0
18.078183084,747,20.0,Ok,0x0,27.0
18.098118334,748,20.0,Ok,0x0,24.0
18.118076042,749,20.0,Ok,0x0,30.0
18.138081834,750,20.0,Ok,0x0,28.0
18.158229084,751,20.0,Ok,0x0,27.0
18.178160792,752,20.0,Ok,0x0,28.0
18.198124125,753,20.0,Ok,0x0,24.0
18.218175084,754,20.0,Ok,0x0,27.0
18.238134459,755,20.0,Ok,0x0,31.0
18.258177625,756,20.0,Ok,0x0,31.0
18.278103167,757,20.0,Ok,0x0,30.0
18.29810925,758,20.0,Ok,0x0,29.0
18.318103209,759,20.0,Ok,0x0,27.0
18.338177459,760,20.0,Ok,0x0,31.0
18.358208709,761,20.0,Ok,0x0,29.0
18.378204584,762,20.0,Ok,0x0,25.0
18.398134417,763,20.0,Ok,0x0,31.0
18.418125334,764,20.0,Ok,0x0,29.0
18.438128042,765,20.0,Ok,0x0,26.0
18.458208625,766,20.0,Ok,0x0,25.0
18.478148292,767,20.0,Ok,0x0,31.0
18.498109375,768,20.0,Ok,0x0,23.0
18.518044667,769,20.0,Ok,0x0,29.0
18.538146417,770,20.0,Ok,0x0,32.0
18.5582605,771,20.0,Ok,0x0,28.0
18.578163792,772,20.0,Ok,0x0,30.0
18.598106584,773,20.0,Ok,0x0,27.0
18.618061792,774,20.0,Ok,0x0,28.0
18.63784275,775,20.0,Ok,0x0,27.0
18.658117125,776,20.0,Ok,0x0,31.0
18.678174959,777,20.0,Ok,0x0,31.0
18.698112917,778,20.0,Ok,0x0,29.0
18.718139042,779,20.0,Ok,0x0,29.0
18.738065959,780,20.0,Ok,0x0,28.0
18.75808875,781,20.0,Ok,0x0,27.0
18.778073959,782,20.0,Ok,0x0,28.0
18.798058042,783,20.0,Ok,0x0,30.0
18.818023375,784,20.0,Ok,0x0,30.0
18.838044,785,20.0,Ok,0x0,25.0
18.85812225,786,20.0,Ok,0x0,31.0
18.877907209,787,20.0,Ok,0x0,30.0
18.898316334,788,20.0,Ok,0x0,32.0
18.918098125,789,20.0,Ok,0x0,28.0
18.938066334,790,20.0,Ok,0x0,30.0
18.958310542,791,20.0,Ok,0x0,28.0
18.978180917,792,20.0,Ok,0x0,29.0
18.99836625,793,20.0,Ok,0x0,28.0
19.018162459,794,20.0,Ok,0x0,27.0
19.0381535,795,20.0,Ok,0x0,29.0
19.058173917,796,20.0,Ok,0x0,29.0
19.078108625,797,20.0,Ok,0x0,32.0
19.098249084,798,20.0,Ok,0x0,30.0
19.118131584,799,20.0,Ok,0x0,31.0
19.138036375,800,20.0,Ok,0x0,26.0
19.158029042,801,20.0,Ok,0x0,25.0
19.178061834,802,20.0,Ok,0x0,29.0
19.198057209,803,20.0,Ok,0x0,29.0
19.218063292,804,20.0,Ok,0x0,31.0
19.238145625,805,20.0,Ok,0x0,31.0
19.258096542,806,20.0,Ok,0x0,24.0
19.278233791999998,807,20.0,Ok,0x0,28.0
19.298108917,808,20.0,Ok,0x0,30.0
19.318041834,809,20.0,Ok,0x0,24.0
19.33805,810,20.0,Ok,0x0,29.0
19.358033084,811,20.0,Ok,0x0,26.0
19.378021834,812,20.0,Ok,0x0,29.0
19.398043459,813,20.0,Ok,0x0,30.0
19.4180235,814,20.0,Ok,0x0,30.0
19.4380255,815,20.0,Ok,0x0,24.0
19.458112209,816,20.0,Ok,0x0,22.0
19.478033917,817,20.0,Ok,0x0,31.0
19.497997709,818,20.0,Ok,0x0,27.0
19.518184125,819,20.0,Ok,0x0,22.0
19.53817975,820,20.0,Ok,0x0,29.0
19.558070084,821,20.0,Ok,0x0,27.0
19.578156542,822,20.0,Ok,0x0,28.0
19.598138459,823,20.0,Ok,0x0,28.0
19.618051667,824,20.0,Ok,0x0,21.0
19.638055667,825,20.0,Ok,0x0,31.0
19.658087042,826,20.0,Ok,0x0,26.0
19.678055417,827,20.0,Ok,0x0,25.0
19.698023167,828,20.0,Ok,0x0,24.0
19.718015375,829,20.0,Ok,0x0,27.0
19.737997084,830,20.0,Ok,0x0,26.0
19.75803825,831,20.0,Ok,0x0,27.0
19.778039,832,20.0,Ok,0x0,24.0
19.798025542,833,20.0,Ok,0x0,24.0
19.8180345,834,20.0,Ok,0x0,25.0
19.838114709,835,20.0,Ok,0x0,25.0
19.858084209,836,20.0,Ok,0x0,23.0
19.878018375,837,20.0,Ok,0x0,24.0
19.898035959,838,20.0,Ok,0x0,25.0
19.918169959,839,20.0,Ok,0x0,20.0
19.938073875,840,20.0,Ok,0x0,14.0
19.958017875,841,20.0,Ok,0x0,16.0
19.978039125,842,20.0,Ok,0x0,23.0
19.998011625,843,20.0,Ok,0x0,23.0
20.017996417,844,20.0,Ok,0x0,24.0
20.038118,845,20.0,Ok,0x0,23.0
20.058060459,846,20.0,Ok,0x0,23.0
20.078132459,847,20.0,Ok,0x0,24.0
20.098021084,848,20.0,Ok,0x0,23.0
20.118005709,849,20.0,Ok,0x0,24.0
20.137988667,850,20.0,Ok,0x0,23.0
20.158005584,851,20.0,Ok,0x0,28.0
20.178074875,852,20.0,Ok,0x0,24.0
20.198006084,853,20.0,Ok,0x0,24.0
20.2180045,854,20.0,Ok,0x0,24.0
20.238055,855,20.0,Ok,0x0,27.0
20.258018417,856,20.0,Ok,0x0,25.0
20.278085334,857,20.0,Ok,0x0,25.0
20.298005625,858,20.0,Ok,0x0,20.0
20.317989,859,20.0,Ok,0x0,22.0
20.338010375,860,20.0,Ok,0x0,23.0
20.358011,861,20.0,Ok,0x0,23.0
20.378028084,862,20.0,Ok,0x0,24.0
20.398006875,863,20.0,Ok,0x0,29.0
20.417985875,864,20.0,Ok,0x0,26.0
20.437976834,865,20.0,Ok,0x0,25.0
20.45812025,866,20.0,Ok,0x0,28.0
20.478176167,867,20.0,Ok,0x0,24.0
20.49800175,868,20.0,Ok,0x0,24.0
20.517999542,869,20.0,Ok,0x0,23.0
20.538206625,870,20.0,Ok,0x0,23.0
20.558062334,871,20.0,Ok,0x0,23.0
20.578103667,872,20.0,Ok,0x0,26.0
20.598038834,873,20.0,Ok,0x0,27.0
20.618019834,874,20.0,Ok,0x0,24.0
20.637990124999998,875,20.0,Ok,0x0,24.0
20.658009875,876,20.0,Ok,0x0,27.0
20.678110334,877,20.0,Ok,0x0,27.0
20.698046625,878,20.0,Ok,0x0,22.0
20.718187125,879,20.0,Ok,0x0,25.0
20.738902125,880,20.0,Ok,0x0,29.0
20.758253,881,20.0,Ok,0x0,25.0
20.778057209,882,20.0,Ok,0x0,24.0
20.79805975,883,20.0,Ok,0x0,27.0
20.818066834,884,20.0,Ok,0x0,25.0
20.8379765,885,20.0,Ok,0x0,23.0
20.858024584,886,20.0,Ok,0x0,23.0
20.878001709,887,20.0,Ok,0x0,26.0
20.898059209,888,20.0,Ok,0x0,29.0
20.917964167,889,20.0,Ok,0x0,28.0
20.937948375,890,20.0,Ok,0x0,25.0
20.957957042,891,20.0,Ok,0x0,28.0
20.977934084,892,20.0,Ok,0x0,24.0
20.997984042,893,20.0,Ok,0x0,26.0
21.017980334,894,20.0,Ok,0x0,29.0
21.037959125,895,20.0,Ok,0x0,22.0
21.05800725,896,20.0,Ok,0x0,22.0
21.078018417,897,20.0,Ok,0x0,23.0
21.098063917,898,20.0,Ok,0x0,21.0
21.117961625,899,20.0,Ok,0x0,24.0
21.138013334,900,20.0,Ok,0x0,23.0
21.158010667,901,20.0,Ok,0x0,25.0
21.178008917,902,20.0,Ok,0x0,25.0
21.19800675,903,20.0,Ok,0x0,24.0
21.217973875,904,20.0,Ok,0x0,28.0
21.238061792,905,20.0,Ok,0x0,22.0
21.257983584,906,20.0,Ok,0x0,21.0
21.277998125,907,20.0,Ok,0x0,25.0
21.297972125,908,20.0,Ok,0x0,25.0
21.317941834,909,20.0,Ok,0x0,27.0
21.338157667,910,20.0,Ok,0x0,28.0
21.358071375,911,20.0,Ok,0x0,22.0
21.378069,912,20.0,Ok,0x0,25.0
21.39796925,913,20.0,Ok,0x0,31.0
21.417970584,914,20.0,Ok,0x0,22.0
21.43798575,915,20.0,Ok,0x0,30.0
21.457997417,916,20.0,Ok,0x0,25.0
21.478041209,917,20.0,Ok,0x0,24.0
21.497981959,918,20.0,Ok,0x0,24.0
21.517931334,919,20.0,Ok,0x0,24.0
21.538006,920,20.0,Ok,0x0,24.0
21.557959292,921,20.0,Ok,0x0,27.0
21.578051875,922,20.0,Ok,0x0,24.0
21.597941584,923,20.0,Ok,0x0,24.0
21.617951834,924,20.0,Ok,0x0,25.0
21.637951292,925,20.0,Ok,0x0,23.0
21.657931209,926,20.0,Ok,0x0,21.0
21.677989584,927,20.0,Ok,0x0,27.0
21.697986584,928,20.0,Ok,0x0,27.0
21.717929667,929,20.0,Ok,0x0,21.0
21.737930125,930,20.0,Ok,0x0,21.0
21.758047125,931,20.0,Ok,0x0,26.0
21.778003584,932,20.0,Ok,0x0,24.0
21.797935875,933,20.0,Ok,0x0,25.0
21.817912792,934,20.0,Ok,0x0,19.0
21.837925459,935,20.0,Ok,0x0,26.0
21.857911,936,20.0,Ok,0x0,25.0
21.878005417,937,20.0,Ok,0x0,27.0
21.898010209,938,20.0,Ok,0x0,24.0
21.917981334,939,20.0,Ok,0x0,22.0
21.93794875,940,20.0,Ok,0x0,19.0
21.957922209,941,20.0,Ok,0x0,18.0
21.977935125,942,20.0,Ok,0x0,21.0
21.9979245,943,20.0,Ok,0x0,27.0
22.017910167,944,20.0,Ok,0x0,21.0
22.037946042,945,20.0,Ok,0x0,27.0
22.057938625,946,20.0,Ok,0x0,24.0
22.077957292,947,20.0,Ok,0x0,22.0
22.097995875,948,20.0,Ok,0x0,25.0
22.118212417,949,20.0,Ok,0x0,24.0
22.137957292,950,20.0,Ok,0x0,24.0
22.157923125,951,20.0,Ok,0x0,24.0
22.178038417,952,20.0,Ok,0x0,22.0
22.198091084,953,20.0,Ok,0x0,23.0
22.218014875,954,20.0,Ok,0x0,24.0
22.237918375,955,20.0,Ok,0x0,23.0
22.257960292,956,20.0,Ok,0x0,23.0
22.277983417,957,20.0,Ok,0x0,22.0
22.297966334,958,20.0,Ok,0x0,24.0
22.317932459,959,20.0,Ok,0x0,25.0
22.337882916999998,960,20.0,Ok,0x0,26.0
22.357889334,961,20.0,Ok,0x0,24.0
22.377925125,962,20.0,Ok,0x0,25.0
22.3979325,963,20.0,Ok,0x0,25.0
22.418016875,964,20.0,Ok,0x0,24.0
22.437891959,965,20.0,Ok,0x0,25.0
22.457918167,966,20.0,Ok,0x0,18.0
22.477936792,967,20.0,Ok,0x0,24.0
22.497930792,968,20.0,Ok,0x0,25.0
22.517973,969,20.0,Ok,0x0,25.0
22.538137875,970,20.0,Ok,0x0,28.0
22.558007375,971,20.0,Ok,0x0,24.0
22.577934292,972,20.0,Ok,0x0,27.0
22.598169584,973,20.0,Ok,0x0,25.0
22.617958417,974,20.0,Ok,0x0,23.0
22.637949834,975,20.0,Ok,0x0,24.0
22.657916167,976,20.0,Ok,0x0,26.0
22.677982542,977,20.0,Ok,0x0,33.0
22.697937042,978,20.0,Ok,0x0,24.0
22.717922209,979,20.0,Ok,0x0,28.0
22.737870625,980,20.0,Ok,0x0,31.0
22.757870125,981,20.0,Ok,0x0,33.0
22.777878875,982,20.0,Ok,0x0,31.0
22.797920167,983,20.0,Ok,0x0,34.0
22.818010417,984,20.0,Ok,0x0,33.0
22.837885417,985,20.0,Ok,0x0,29.0
22.85797225,986,20.0,Ok,0x0,29.0
22.877992834,987,20.0,Ok,0x0,30.0
22.897924,988,20.0,Ok,0x0,32.0
22.91795175,989,20.0,Ok,0x0,35.0
22.937869792,990,20.0,Ok,0x0,32.0
22.958017459,991,20.0,Ok,0x0,30.0
22.978126709,992,20.0,Ok,0x0,34.0
22.997962459,993,20.0,Ok,0x0,36.0
23.017934125,994,20.0,Ok,0x0,35.0
23.037896125,995,20.0,Ok,0x0,33.0
23.057982042,996,20.0,Ok,0x0,29.0
23.078016292,997,20.0,Ok,0x0,31.0
23.098080125,998,20.0,Ok,0x0,31.0
23.117926375,999,20.0,Ok,0x0,28.0
23.137878625,1000,20.0,Ok,0x0,25.0
23.157889834,1001,20.0,Ok,0x0,31.0
23.177978959,1002,20.0,Ok,0x0,25.0
23.197959292,1003,20.0,Ok,0x0,27.0
23.217910042,1004,20.0,Ok,0x0,30.0
23.237893417,1005,20.0,Ok,0x0,30.0
23.25785425,1006,20.0,Ok,0x0,27.0
23.277904417,1007,20.0,Ok,0x0,26.0
23.297858542,1008,20.0,Ok,0x0,25.0
23.317872834,1009,20.0,Ok,0x0,26.0
23.337941292,1010,20.0,Ok,0x0,28.0
23.357949459,1011,20.0,Ok,0x0,24.0
23.377906459,1012,20.0,Ok,0x0,27.0
23.397946875,1013,20.0,Ok,0x0,25.0
23.417958042,1014,20.0,Ok,0x0,26.0
23.438000459,1015,20.0,Ok,0x0,28.0
23.45786725,1016,20.0,Ok,0x0,29.0
23.477905917,1017,20.0,Ok,0x0,28.0
23.497867959,1018,20.0,Ok,0x0,30.0
23.517871042,1019,20.0,Ok,0x0,27.0
23.537900584,1020,20.0,Ok,0x0,29.0
23.5579475,1021,20.0,Ok,0x0,24.0
23.577874834,1022,20.0,Ok,0x0,32.0
23.597937209,1023,20.0,Ok,0x0,28.0
23.617868375,1024,20.0,Ok,0x0,29.0
23.637855959,1025,20.0,Ok,0x0,29.0
23.657996917,1026,20.0,Ok,0x0,30.0
23.678008459,1027,20.0,Ok,0x0,27.0
23.697982709,1028,20.0,Ok,0x0,28.0
23.718825667,1029,20.0,Ok,0x0,30.0
23.737945584,1030,20.0,Ok,0x0,28.0
23.757836709,1031,20.0,Ok,0x0,26.0
23.777931625,1032,20.0,Ok,0x0,30.0
23.797939125,1033,20.0,Ok,0x0,29.0
23.817855417,1034,20.0,Ok,0x0,29.0
23.837889667,1035,20.0,Ok,0x0,32.0
23.857849,1036,20.0,Ok,0x0,32.0
23.877912292,1037,20.0,Ok,0x0,32.0
23.897893459,1038,20.0,Ok,0x0,30.0
23.917854959,1039,20.0,Ok,0x0,30.0
23.937863209,1040,20.0,Ok,0x0,32.0
23.957983292,1041,20.0,Ok,0x0,30.0
23.978024959,1042,20.0,Ok,0x0,26.0
23.997950292,1043,20.0,Ok,0x0,26.0
24.017963292,1044,20.0,Ok,0x0,28.0
24.037859417,1045,20.0,Ok,0x0,26.0
24.0577995,1046,20.0,Ok,0x0,24.0
24.077959,1047,20.0,Ok,0x0,30.0
24.097967209,1048,20.0,Ok,0x0,29.0
24.11786925,1049,20.0,Ok,0x0,26.0
24.137826709,1050,20.0,Ok,0x0,30.0
24.157819542,1051,20.0,Ok,0x0,28.0
24.177851709,1052,20.0,Ok,0x0,29.0
24.197909,1053,20.0,Ok,0x0,27.0
24.217839875,1054,20.0,Ok,0x0,24.0
24.237854375,1055,20.0,Ok,0x0,24.0
24.257851375,1056,20.0,Ok,0x0,30.0
24.277887667,1057,20.0,Ok,0x0,26.0
24.298004,1058,20.0,Ok,0x0,24.0
24.318162,1059,20.0,Ok,0x0,26.0
24.338064209,1060,20.0,Ok,0x0,29.0
24.357976999999998,1061,20.0,Ok,0x0,26.0
24.377954667,1062,20.0,Ok,0x0,28.0
24.398277709,1063,20.0,Ok,0x0,26.0
24.418124,1064,20.0,Ok,0x0,29.0
24.437856042,1065,20.0,Ok,0x0,28.0
24.457874417,1066,20.0,Ok,0x0,29.0
24.477896917,1067,20.0,Ok,0x0,24.0
24.498111959,1068,20.0,Ok,0x0,28.0
24.517833917,1069,20.0,Ok,0x0,23.0
24.537957542,1070,20.0,Ok,0x0,21.0
24.558833667,1071,20.0,Ok,0x0,24.0
24.577900042,1072,20.0,Ok,0x0,24.0
24.597949959,1073,20.0,Ok,0x0,23.0
24.617859834,1074,20.0,Ok,0x0,26.0
24.638215334,1075,20.0,Ok,0x0,20.0
24.658510875,1076,20.0,Ok,0x0,25.0
24.677853042,1077,20.0,Ok,0x0,26.0
24.697942375,1078,20.0,Ok,0x0,28.0
24.717948334,1079,20.0,Ok,0x0,24.0
24.738608625,1080,20.0,Ok,0x0,25.0
24.757859709,1081,20.0,Ok,0x0,24.0
24.778019584,1082,20.0,Ok,0x0,26.0
24.798268334,1083,20.0,Ok,0x0,23.0
24.81794525,1084,20.0,Ok,0x0,26.0
24.838265292,1085,20.0,Ok,0x0,24.0
24.857749292,1086,20.0,Ok,0x0,28.0
24.878103667,1087,20.0,Ok,0x0,27.0
24.898117542,1088,20.0,Ok,0x0,24.0
24.917742834,1089,20.0,Ok,0x0,25.0
24.938814292,1090,20.0,Ok,0x0,27.0
24.957539375,1091,20.0,Ok,0x0,26.0
24.977596167,1092,20.0,Ok,0x0,24.0
24.998081834,1093,20.0,Ok,0x0,25.0
25.018081625,1094,20.0,Ok,0x0,28.0
25.038050917,1095,20.0,Ok,0x0,27.0
25.05789175,1096,20.0,Ok,0x0,26.0
25.078303959,1097,20.0,Ok,0x0,28.0
25.097673459,1098,20.0,Ok,0x0,26.0
25.118061084,1099,20.0,Ok,0x0,28.0
25.138087542,1100,20.0,Ok,0x0,23.0
25.15807425,1101,20.0,Ok,0x0,31.0
25.17773825,1102,20.0,Ok,0x0,26.0
25.198060667,1103,20.0,Ok,0x0,24.0
25.217504292,1104,20.0,Ok,0x0,27.0
25.239340417,1105,20.0,Ok,0x0,24.0
25.257828375,1106,20.0,Ok,0x0,24.0
25.278627084,1107,20.0,Ok,0x0,28.0
25.29840125,1108,20.0,Ok,0x0,29.0
25.31807475,1109,20.0,Ok,0x0,27.0
25.337677,1110,20.0,Ok,0x0,24.0
25.358029042,1111,20.0,Ok,0x0,26.0
25.378057167,1112,20.0,Ok,0x0,29.0
25.3980445,1113,20.0,Ok,0x0,28.0
25.418069167,1114,20.0,Ok,0x0,32.0
25.43804525,1115,20.0,Ok,0x0,27.0
25.458059834,1116,20.0,Ok,0x0,29.0
25.478083625,1117,20.0,Ok,0x0,25.0
25.49810425,1118,20.0,Ok,0x0,26.0
25.518407167,1119,20.0,Ok,0x0,30.0
25.538090209,1120,20.0,Ok,0x0,27.0
25.557872292,1121,20.0,Ok,0x0,32.0
25.577828542,1122,20.0,Ok,0x0,30.0
25.597851166999998,1123,20.0,Ok,0x0,31.0
25.617989084,1124,20.0,Ok,0x0,31.0
25.63777325,1125,20.0,Ok,0x0,30.0
25.657905292,1126,20.0,Ok,0x0,33.0
25.677993042,1127,20.0,Ok,0x0,33.0
25.697864834,1128,20.0,Ok,0x0,30.0
25.717924334,1129,20.0,Ok,0x0,29.0
25.737782709,1130,20.0,Ok,0x0,30.0
25.757821584,1131,20.0,Ok,0x0,26.0
25.777766167,1132,20.0,Ok,0x0,30.0
25.797849875,1133,20.0,Ok,0x0,27.0
25.818017042,1134,20.0,Ok,0x0,27.0
25.837840292,1135,20.0,Ok,0x0,31.0
25.857784084,1136,20.0,Ok,0x0,30.0
25.877890709,1137,20.0,Ok,0x0,30.0
25.897825875,1138,20.0,Ok,0x0,32.0
25.917776667,1139,20.0,Ok,0x0,28.0
25.937770167,1140,20.0,Ok,0x0,23.0
25.957740625,1141,20.0,Ok,0x0,28.0
25.977753417,1142,20.0,Ok,0x0,28.0
25.997735834,1143,20.0,Ok,0x0,24.0
26.017741,1144,20.0,Ok,0x0,26.0
26.037752375,1145,20.0,Ok,0x0,25.0
26.057749459,1146,20.0,Ok,0x0,29.0
26.077741167,1147,20.0,Ok,0x0,25.0
26.097991334,1148,20.0,Ok,0x0,23.0
26.118051417,1149,20.0,Ok,0x0,32.0
26.137852042,1150,20.0,Ok,0x0,25.0
26.157793042,1151,20.0,Ok,0x0,28.0
26.177766834,1152,20.0,Ok,0x0,31.0
26.197759125,1153,20.0,Ok,0x0,25.0
26.217750375,1154,20.0,Ok,0x0,27.0
26.237742,1155,20.0,Ok,0x0,27.0
26.257843667,1156,20.0,Ok,0x0,25.0
26.277740167,1157,20.0,Ok,0x0,28.0
26.297815708999998,1158,20.0,Ok,0x0,24.0
26.3179625,1159,20.0,Ok,0x0,27.0
26.337861084,1160,20.0,Ok,0x0,28.0
26.357828792,1161,20.0,Ok,0x0,27.0
26.377787,1162,20.0,Ok,0x0,22.0
26.397864709,1163,20.0,Ok,0x0,24.0
26.417888417,1164,20.0,Ok,0x0,30.0
26.437774959,1165,20.0,Ok,0x0,26.0
26.457758417,1166,20.0,Ok,0x0,25.0
26.477861792,1167,20.0,Ok,0x0,31.0
26.497807417,1168,20.0,Ok,0x0,28.0
26.517883,1169,20.0,Ok,0x0,29.0
26.538003167,1170,20.0,Ok,0x0,27.0
26.5577645,1171,20.0,Ok,0x0,24.0
26.577791459,1172,20.0,Ok,0x0,29.0
26.597738125,1173,20.0,Ok,0x0,23.0
26.617892209,1174,20.0,Ok,0x0,31.0
26.637860917,1175,20.0,Ok,0x0,24.0
26.657713542,1176,20.0,Ok,0x0,23.0
26.677739709,1177,20.0,Ok,0x0,26.0
26.697764459,1178,20.0,Ok,0x0,27.0
26.717883875,1179,20.0,Ok,0x0,25.0
26.737818,1180,20.0,Ok,0x0,24.0
26.75772575,1181,20.0,Ok,0x0,29.0
26.779384209,1182,20.0,Ok,0x0,26.0
26.798024959,1183,20.0,Ok,0x0,29.0
26.817780459,1184,20.0,Ok,0x0,26.0
26.837756249999998,1185,20.0,Ok,0x0,28.0
26.857884667,1186,20.0,Ok,0x0,26.0
26.877782417,1187,20.0,Ok,0x0,28.0
26.897817666999998,1188,20.0,Ok,0x0,29.0
26.917786917,1189,20.0,Ok,0x0,28.0
26.937757084,1190,20.0,Ok,0x0,23.0
26.957703542,1191,20.0,Ok,0x0,24.0
26.977816375,1192,20.0,Ok,0x0,29.0
26.997741834,1193,20.0,Ok,0x0,29.0
27.018099834,1194,20.0,Ok,0x0,31.0
27.037795042,1195,20.0,Ok,0x0,23.0
27.057725834,1196,20.0,Ok,0x0,26.0
27.0776925,1197,20.0,Ok,0x0,30.0
27.097751875,1198,20.0,Ok,0x0,28.0
27.117920459,1199,20.0,Ok,0x0,31.0
27.137752959,1200,20.0,Ok,0x0,29.0
27.157775417,1201,20.0,Ok,0x0,27.0
27.177764334,1202,20.0,Ok,0x0,25.0
27.197730917,1203,20.0,Ok,0x0,24.0
27.217744709,1204,20.0,Ok,0x0,29.0
27.237694292,1205,20.0,Ok,0x0,28.0
27.257868292,1206,20.0,Ok,0x0,29.0
27.277758584,1207,20.0,Ok,0x0,23.0
27.297703834,1208,20.0,Ok,0x0,23.0
27.317721167,1209,20.0,Ok,0x0,29.0
27.337685959,1210,20.0,Ok,0x0,29.0
27.357707084,1211,20.0,Ok,0x0,24.0
27.377716125,1212,20.0,Ok,0x0,30.0
27.397702625,1213,20.0,Ok,0x0,28.0
27.417670375,1214,20.0,Ok,0x0,26.0
27.437669375,1215,20.0,Ok,0x0,25.0
27.457813042,1216,20.0,Ok,0x0,29.0
27.477865417,1217,20.0,Ok,0x0,28.0
27.497701917,1218,20.0,Ok,0x0,28.0
27.517752667,1219,20.0,Ok,0x0,25.0
27.537755459,1220,20.0,Ok,0x0,26.0
27.557682334,1221,20.0,Ok,0x0,23.0
27.577752542,1222,20.0,Ok,0x0,23.0
27.597675959,1223,20.0,Ok,0x0,24.0
27.617664334,1224,20.0,Ok,0x0,28.0
27.637882292,1225,20.0,Ok,0x0,23.0
27.657670125,1226,20.0,Ok,0x0,25.0
27.677696042,1227,20.0,Ok,0x0,26.0
27.697671375,1228,20.0,Ok,0x0,26.0
27.717794584,1229,20.0,Ok,0x0,28.0
27.737782125,1230,20.0,Ok,0x0,29.0
27.757689084,1231,20.0,Ok,0x0,22.0
27.777682542,1232,20.0,Ok,0x0,23.0
27.797666584,1233,20.0,Ok,0x0,29.0
27.81785,1234,20.0,Ok,0x0,31.0
27.837786667,1235,20.0,Ok,0x0,26.0
27.857701584,1236,20.0,Ok,0x0,24.0
27.877718542,1237,20.0,Ok,0x0,28.0
27.897729917,1238,20.0,Ok,0x0,29.0
27.917786334,1239,20.0,Ok,0x0,24.0
27.937728459,1240,20.0,Ok,0x0,26.0
27.957653584,1241,20.0,Ok,0x0,25.0
27.977728459,1242,20.0,Ok,0x0,25.0
27.997715125,1243,20.0,Ok,0x0,21.0
28.017706042,1244,20.0,Ok,0x0,24.0
28.037701334,1245,20.0,Ok,0x0,21.0
28.057705167,1246,20.0,Ok,0x0,20.0
28.077730292,1247,20.0,Ok,0x0,27.0
28.097673625,1248,20.0,Ok,0x0,26.0
28.117772417,1249,20.0,Ok,0x0,25.0
28.137795334,1250,20.0,Ok,0x0,26.0
28.157658834,1251,20.0,Ok,0x0,26.0
28.177739959,1252,20.0,Ok,0x0,28.0
28.197747917,1253,20.0,Ok,0x0,31.0
28.217649625,1254,20.0,Ok,0x0,28.0
28.23767075,1255,20.0,Ok,0x0,27.0
28.257681,1256,20.0,Ok,0x0,26.0
28.277672542,1257,20.0,Ok,0x0,25.0
28.297654875,1258,20.0,Ok,0x0,24.0
28.317757459,1259,20.0,Ok,0x0,22.0
28.337642875,1260,20.0,Ok,0x0,24.0
28.357757875,1261,20.0,Ok,0x0,25.0
28.377696084,1262,20.0,Ok,0x0,22.0
28.39773525,1263,20.0,Ok,0x0,23.0
28.417651959,1264,20.0,Ok,0x0,24.0
28.437643125,1265,20.0,Ok,0x0,25.0
28.457675625,1266,20.0,Ok,0x0,25.0
28.477730209,1267,20.0,Ok,0x0,25.0
28.497788042,1268,20.0,Ok,0x0,25.0
28.517750834,1269,20.0,Ok,0x0,29.0
28.537836084,1270,20.0,Ok,0x0,26.0
28.557705292,1271,20.0,Ok,0x0,26.0
28.577666834,1272,20.0,Ok,0x0,30.0
28.597682167,1273,20.0,Ok,0x0,30.0
28.617694167,1274,20.0,Ok,0x0,24.0
28.637743042,1275,20.0,Ok,0x0,28.0
28.657716,1276,20.0,Ok,0x0,28.0
28.67769275,1277,20.0,Ok,0x0,25.0
28.697686709,1278,20.0,Ok,0x0,26.0
28.717744792,1279,20.0,Ok,0x0,26.0
28.737662334,1280,20.0,Ok,0x0,29.0
28.7576645,1281,20.0,Ok,0x0,30.0
28.77782075,1282,20.0,Ok,0x0,35.0
28.797660209,1283,20.0,Ok,0x0,35.0
28.817672959,1284,20.0,Ok,0x0,39.0
28.837727125,1285,20.0,Ok,0x0,41.0
28.857648375,1286,20.0,Ok,0x0,42.0
28.877733042,1287,20.0,Ok,0x0,47.0
28.897661625,1288,20.0,Ok,0x0,42.0
28.917742334,1289,20.0,Ok,0x0,42.0
28.937721459,1290,20.0,Ok,0x0,44.0
28.957656084,1291,20.0,Ok,0x0,36.0
28.9776555,1292,20.0,Ok,0x0,31.0
28.997687834,1293,20.0,Ok,0x0,33.0
29.017669834,1294,20.0,Ok,0x0,30.0
29.037649709,1295,20.0,Ok,0x0,31.0
29.057655375,1296,20.0,Ok,0x0,25.0
29.077697792,1297,20.0,Ok,0x0,29.0
29.097654125,1298,20.0,Ok,0x0,27.0
29.117704375,1299,20.0,Ok,0x0,25.0
29.137708875,1300,20.0,Ok,0x0,21.0
29.157665167,1301,20.0,Ok,0x0,26.0
29.177646542,1302,20.0,Ok,0x0,26.0
29.197629917,1303,20.0,Ok,0x0,28.0
29.217668875,1304,20.0,Ok,0x0,27.0
29.237904167,1305,20.0,Ok,0x0,27.0
29.257795875,1306,20.0,Ok,0x0,25.0
29.277902542,1307,20.0,Ok,0x0,22.0
29.297760417,1308,20.0,Ok,0x0,22.0
29.317330667,1309,20.0,Ok,0x0,28.0
29.337410749999997,1310,20.0,Ok,0x0,28.0
29.357592959,1311,20.0,Ok,0x0,26.0
29.377829249999998,1312,20.0,Ok,0x0,30.0
29.397646166999998,1313,20.0,Ok,0x0,26.0
29.418172875000003,1314,20.0,Ok,0x0,27.0
29.438169042,1315,20.0,Ok,0x0,30.0
29.458195417,1316,20.0,Ok,0x0,27.0
29.478041083999997,1317,20.0,Ok,0x0,26.0
29.498027542000003,1318,20.0,Ok,0x0,31.0
29.517971084000003,1319,20.0,Ok,0x0,29.0
29.537996833999998,1320,20.0,Ok,0x0,29.0
29.557942542,1321,20.0,Ok,0x0,26.0
29.579293125,1322,20.0,Ok,0x0,28.0
29.599542417000002,1323,20.0,Ok,0x0,30.0
29.617761375,1324,20.0,Ok,0x0,24.0
29.637834083999998,1325,20.0,Ok,0x0,24.0
29.657877874999997,1326,20.0,Ok,0x0,25.0
29.678174917,1327,20.0,Ok,0x0,29.0
29.697939792,1328,20.0,Ok,0x0,27.0
29.717618917000003,1329,20.0,Ok,0x0,25.0
29.737520959,1330,20.0,Ok,0x0,26.0
29.757639542,1331,20.0,Ok,0x0,29.0
29.778003499999997,1332,20.0,Ok,0x0,26.0
29.797883792,1333,20.0,Ok,0x0,20.0
29.817680375000002,1334,20.0,Ok,0x0,21.0
29.837435042000003,1335,20.0,Ok,0x0,23.0
29.8578415,1336,20.0,Ok,0x0,29.0
29.8778905,1337,20.0,Ok,0x0,24.0
29.897898792,1338,20.0,Ok,0x0,27.0
29.917655709,1339,20.0,Ok,0x0,24.0
29.937767792000002,1340,20.0,Ok,0x0,24.0
29.957631874999997,1341,20.0,Ok,0x0,26.0
29.977477917,1342,20.0,Ok,0x0,22.0
29.997974125,1343,20.0,Ok,0x0,24.0
30.017921084,1344,20.0,Ok,0x0,25.0
30.037915959000003,1345,20.0,Ok,0x0,23.0
30.057449749999996,1346,20.0,Ok,0x0,22.0
30.07750075,1347,20.0,Ok,0x0,29.0
30.097246249999998,1348,20.0,Ok,0x0,25.0
30.117316709,1349,20.0,Ok,0x0,27.0
30.137243709000003,1350,20.0,Ok,0x0,24.0
30.157303458999998,1351,20.0,Ok,0x0,26.0
30.177538959000003,1352,20.0,Ok,0x0,24.0
30.197700959000002,1353,20.0,Ok,0x0,24.0
30.217947375,1354,20.0,Ok,0x0,27.0
30.237924667,1355,20.0,Ok,0x0,29.0
30.257466417000003,1356,20.0,Ok,0x0,29.0
30.28029325,1357,20.0,Ok,0x0,25.0
30.29917125,1358,20.0,Ok,0x0,28.0
30.317425625,1359,20.0,Ok,0x0,28.0
30.337739084,1360,20.0,Ok,0x0,28.0
30.358987334,1361,20.0,Ok,0x0,28.0
30.377938874999998,1362,20.0,Ok,0x0,26.0
30.397878708999997,1363,20.0,Ok,0x0,28.0
30.417471792,1364,20.0,Ok,0x0,27.0
30.437827417,1365,20.0,Ok,0x0,29.0
30.457440667,1366,20.0,Ok,0x0,24.0
30.477871999999998,1367,20.0,Ok,0x0,24.0
30.497644084,1368,20.0,Ok,0x0,29.0
30.517727584,1369,20.0,Ok,0x0,27.0
30.548787584000003,1370,20.0,Ok,0x0,29.0
30.557928584000003,1371,20.0,Ok,0x0,27.0
30.578343459000003,1372,20.0,Ok,0x0,27.0
30.597550124999998,1373,20.0,Ok,0x0,23.0
30.617830374999997,1374,20.0,Ok,0x0,24.0
30.637838917000003,1375,20.0,Ok,0x0,28.0
30.658130667000002,1376,20.0,Ok,0x0,22.0
30.678126542,1377,20.0,Ok,0x0,30.0
30.69781975,1378,20.0,Ok,0x0,28.0
30.717928917000002,1379,20.0,Ok,0x0,26.0
30.737870459,1380,20.0,Ok,0x0,26.0
30.75782675,1381,20.0,Ok,0x0,27.0
30.778317084,1382,20.0,Ok,0x0,22.0
30.797901000000003,1383,20.0,Ok,0x0,28.0
30.817857042,1384,20.0,Ok,0x0,26.0
30.83756475,1385,20.0,Ok,0x0,27.0
30.857832291999998,1386,20.0,Ok,0x0,26.0
30.87774975,1387,20.0,Ok,0x0,30.0
30.899508500000003,1388,20.0,Ok,0x0,29.0
30.917339834000003,1389,20.0,Ok,0x0,26.0
30.937386292,1390,20.0,Ok,0x0,29.0
30.957362042,1391,20.0,Ok,0x0,28.0
30.977726625000003,1392,20.0,Ok,0x0,28.0
30.998099709,1393,20.0,Ok,0x0,29.0
31.017909625,1394,20.0,Ok,0x0,27.0
31.037421917000003,1395,20.0,Ok,0x0,26.0
31.057883209000003,1396,20.0,Ok,0x0,23.0
31.077807417000002,1397,20.0,Ok,0x0,24.0
31.097852334000002,1398,20.0,Ok,0x0,25.0
31.117565542,1399,20.0,Ok,0x0,24.0
31.137304667000002,1400,20.0,Ok,0x0,26.0
31.15783125,1401,20.0,Ok,0x0,24.0
31.177841667000003,1402,20.0,Ok,0x0,24.0
31.198006375,1403,20.0,Ok,0x0,24.0
31.217911834,1404,20.0,Ok,0x0,25.0
31.238046959000002,1405,20.0,Ok,0x0,17.0
31.258040959,1406,20.0,Ok,0x0,26.0
31.278038084000002,1407,20.0,Ok,0x0,24.0
31.2980905,1408,20.0,Ok,0x0,21.0
31.317943584,1409,20.0,Ok,0x0,23.0
31.338186958999998,1410,20.0,Ok,0x0,26.0
31.358061749999997,1411,20.0,Ok,0x0,25.0
31.378062833999998,1412,20.0,Ok,0x0,27.0
31.398024999999997,1413,20.0,Ok,0x0,27.0
31.4179935,1414,20.0,Ok,0x0,26.0
31.437997875,1415,20.0,Ok,0x0,24.0
31.457746334,1416,20.0,Ok,0x0,22.0
31.477907584,1417,20.0,Ok,0x0,25.0
31.497959541999997,1418,20.0,Ok,0x0,24.0
31.517810375000003,1419,20.0,Ok,0x0,28.0
31.547475749999997,1420,20.0,Ok,0x0,27.0
31.557305375,1421,20.0,Ok,0x0,28.0
31.577761459,1422,20.0,Ok,0x0,25.0
31.597672250000002,1423,20.0,Ok,0x0,24.0
31.617662541999998,1424,20.0,Ok,0x0,26.0
31.637292209,1425,20.0,Ok,0x0,23.0
31.657880417,1426,20.0,Ok,0x0,25.0
31.67796225,1427,20.0,Ok,0x0,25.0
31.697893166999997,1428,20.0,Ok,0x0,24.0
31.717674916999997,1429,20.0,Ok,0x0,26.0
31.738246209000003,1430,20.0,Ok,0x0,23.0
31.757939084,1431,20.0,Ok,0x0,23.0
31.777898709,1432,20.0,Ok,0x0,25.0
31.79795275,1433,20.0,Ok,0x0,25.0
31.818800209000003,1434,20.0,Ok,0x0,26.0
31.837884125000002,1435,20.0,Ok,0x0,20.0
31.857858709,1436,20.0,Ok,0x0,23.0
31.877790625000003,1437,20.0,Ok,0x0,24.0
31.897858583999998,1438,20.0,Ok,0x0,27.0
31.9179435,1439,20.0,Ok,0x0,24.0
31.937886874999997,1440,20.0,Ok,0x0,26.0
31.958319959,1441,20.0,Ok,0x0,23.0
31.977934417,1442,20.0,Ok,0x0,31.0
31.998290750000002,1443,20.0,Ok,0x0,22.0
32.017860959,1444,20.0,Ok,0x0,26.0
32.03794575,1445,20.0,Ok,0x0,29.0
32.057597625,1446,20.0,Ok,0x0,26.0
32.077488917,1447,20.0,Ok,0x0,21.0
32.098096375,1448,20.0,Ok,0x0,26.0
32.117881542,1449,20.0,Ok,0x0,26.0
32.137750917,1450,20.0,Ok,0x0,21.0
32.157395542,1451,20.0,Ok,0x0,25.0
32.177412959,1452,20.0,Ok,0x0,24.0
32.197688042,1453,20.0,Ok,0x0,24.0
32.217637542,1454,20.0,Ok,0x0,26.0
32.237753167,1455,20.0,Ok,0x0,20.0
32.25767475,1456,20.0,Ok,0x0,20.0
32.277610667,1457,20.0,Ok,0x0,21.0
32.297696625,1458,20.0,Ok,0x0,24.0
32.317778,1459,20.0,Ok,0x0,21.0
32.337436459,1460,20.0,Ok,0x0,21.0
32.357690834,1461,20.0,Ok,0x0,20.0
32.377609417,1462,20.0,Ok,0x0,23.0
32.398212667,1463,20.0,Ok,0x0,26.0
32.417961709,1464,20.0,Ok,0x0,26.0
32.437733875,1465,20.0,Ok,0x0,25.0
32.457416959,1466,20.0,Ok,0x0,24.0
32.477753875,1467,20.0,Ok,0x0,28.0
32.497784209,1468,20.0,Ok,0x0,25.0
32.517297542,1469,20.0,Ok,0x0,27.0
32.537600625,1470,20.0,Ok,0x0,25.0
32.557934334,1471,20.0,Ok,0x0,25.0
32.578140917,1472,20.0,Ok,0x0,27.0
32.597987375,1473,20.0,Ok,0x0,18.0
32.617959417,1474,20.0,Ok,0x0,26.0
32.637755792,1475,20.0,Ok,0x0,20.0
32.657698375,1476,20.0,Ok,0x0,19.0
32.677715542,1477,20.0,Ok,0x0,18.0
32.697649,1478,20.0,Ok,0x0,19.0
32.717759,1479,20.0,Ok,0x0,18.0
32.737925625,1480,20.0,Ok,0x0,20.0
32.757303167,1481,20.0,Ok,0x0,21.0
32.777817917,1482,20.0,Ok,0x0,18.0
32.797572167,1483,20.0,Ok,0x0,24.0
32.817684792,1484,20.0,Ok,0x0,20.0
32.837717,1485,20.0,Ok,0x0,19.0
32.858170292,1486,20.0,Ok,0x0,17.0
32.877740959,1487,20.0,Ok,0x0,8.0
32.897416167,1488,20.0,Ok,0x0,12.0
32.917962709,1489,20.0,Ok,0x0,16.0
32.937589667,1490,20.0,Ok,0x0,19.0
32.957838125,1491,20.0,Ok,0x0,19.0
32.977652959,1492,20.0,Ok,0x0,19.0
32.997775625,1493,20.0,Ok,0x0,18.0
33.017869042,1494,20.0,Ok,0x0,20.0
33.037654334,1495,20.0,Ok,0x0,17.0
33.057802125,1496,20.0,Ok,0x0,18.0
33.077530792,1497,20.0,Ok,0x0,17.0
33.097275542,1498,20.0,Ok,0x0,16.0
33.117234417,1499,20.0,Ok,0x0,17.0
33.137708209,1500,20.0,Ok,0x0,17.0
33.157656542,1501,20.0,Ok,0x0,19.0
33.1772675,1502,20.0,Ok,0x0,20.0
33.197546417,1503,20.0,Ok,0x0,17.0
33.21759325,1504,20.0,Ok,0x0,19.0
33.237410834,1505,20.0,Ok,0x0,21.0
33.257597834,1506,20.0,Ok,0x0,23.0
33.277833834,1507,20.0,Ok,0x0,17.0
33.297422875,1508,20.0,Ok,0x0,16.0
33.317243834,1509,20.0,Ok,0x0,18.0
33.337322084,1510,20.0,Ok,0x0,18.0
33.35748525,1511,20.0,Ok,0x0,18.0
33.377798542,1512,20.0,Ok,0x0,18.0
33.397574834,1513,20.0,Ok,0x0,24.0
33.417428416999996,1514,20.0,Ok,0x0,17.0
33.438452125,1515,20.0,Ok,0x0,20.0
33.47255775,1516,20.0,Ok,0x0,22.0
33.4773475,1517,20.0,Ok,0x0,24.0
33.497807375,1518,20.0,Ok,0x0,19.0
33.517390959,1519,20.0,Ok,0x0,18.0
33.53739125,1520,20.0,Ok,0x0,16.0
33.557411625,1521,20.0,Ok,0x0,16.0
33.577782125,1522,20.0,Ok,0x0,19.0
33.597749917,1523,20.0,Ok,0x0,19.0
33.617767167,1524,20.0,Ok,0x0,18.0
33.637498125,1525,20.0,Ok,0x0,21.0
33.657379875,1526,20.0,Ok,0x0,18.0
33.677714917,1527,20.0,Ok,0x0,20.0
33.697698417,1528,20.0,Ok,0x0,21.0
33.717555542,1529,20.0,Ok,0x0,19.0
33.737218375,1530,20.0,Ok,0x0,21.0
33.757469334,1531,20.0,Ok,0x0,18.0
33.777438375,1532,20.0,Ok,0x0,19.0
33.7977315,1533,20.0,Ok,0x0,16.0
33.817443,1534,20.0,Ok,0x0,19.0
33.837204,1535,20.0,Ok,0x0,18.0
33.857550792,1536,20.0,Ok,0x0,23.0
33.877405792,1537,20.0,Ok,0x0,24.0
33.897687542,1538,20.0,Ok,0x0,18.0
33.917500667,1539,20.0,Ok,0x0,21.0
33.937217542,1540,20.0,Ok,0x0,23.0
33.957667875,1541,20.0,Ok,0x0,23.0
33.97758625,1542,20.0,Ok,0x0,24.0
33.997476625,1543,20.0,Ok,0x0,24.0
34.017527417,1544,20.0,Ok,0x0,25.0
34.037032792,1545,20.0,Ok,0x0,23.0
34.057576084,1546,20.0,Ok,0x0,27.0
34.077624334,1547,20.0,Ok,0x0,26.0
34.097604334,1548,20.0,Ok,0x0,28.0
34.117419959,1549,20.0,Ok,0x0,27.0
34.137397417,1550,20.0,Ok,0x0,29.0
34.157647459,1551,20.0,Ok,0x0,26.0
34.1780555,1552,20.0,Ok,0x0,27.0
34.197821917,1553,20.0,Ok,0x0,22.0
34.217637375,1554,20.0,Ok,0x0,26.0
34.237514959,1555,20.0,Ok,0x0,23.0
34.257673917,1556,20.0,Ok,0x0,24.0
34.277607084,1557,20.0,Ok,0x0,22.0
34.297484417,1558,20.0,Ok,0x0,23.0
34.317601792,1559,20.0,Ok,0x0,23.0
34.337603125,1560,20.0,Ok,0x0,24.0
34.357592167,1561,20.0,Ok,0x0,24.0
34.377490542,1562,20.0,Ok,0x0,19.0
34.397595959,1563,20.0,Ok,0x0,18.0
34.417170792,1564,20.0,Ok,0x0,16.0
34.437531667,1565,20.0,Ok,0x0,13.0
34.457289125,1566,20.0,Ok,0x0,17.0
34.479164375,1567,20.0,Ok,0x0,17.0
34.497230334,1568,20.0,Ok,0x0,14.0
34.517490209,1569,20.0,Ok,0x0,15.0
34.537779042,1570,20.0,Ok,0x0,16.0
34.557610625,1571,20.0,Ok,0x0,14.0
34.577653959,1572,20.0,Ok,0x0,9.0
34.597193875,1573,20.0,Ok,0x0,10.0
34.617233334,1574,20.0,Ok,0x0,8.0
34.637565792,1575,20.0,Ok,0x0,12.0
34.65769125,1576,20.0,Ok,0x0,10.0
34.677847292,1577,20.0,Ok,0x0,8.0
34.697306334,1578,20.0,Ok,0x0,9.0
34.717674709,1579,20.0,Ok,0x0,10.0
34.737945084,1580,20.0,Ok,0x0,39.0
34.757758334,1581,20.0,Ok,0x0,45.0
34.777400084,1582,20.0,Ok,0x0,42.0
34.797477125,1583,20.0,Ok,0x0,38.0
34.817980792,1584,20.0,Ok,0x0,42.0
34.839220417,1585,20.0,Ok,0x0,31.0
34.859629417,1586,20.0,Ok,0x0,43.0
34.877239375,1587,20.0,Ok,0x0,41.0
34.897678917,1588,20.0,Ok,0x0,53.0
34.917478834,1589,20.0,Ok,0x0,51.0
34.937084084,1590,20.0,Ok,0x0,51.0
34.957355792,1591,20.0,Ok,0x0,37.0
34.977626042,1592,20.0,Ok,0x0,21.0
34.997667334,1593,20.0,RangingNegativeDistance,0x1b,10.0
35.017636959,1594,20.0,Ok,0x0,6.0
35.037483084,1595,20.0,Ok,0x0,12.0
35.05754225,1596,20.0,Ok,0x0,14.0
35.077431709,1597,20.0,Ok,0x0,16.0
35.097101167,1598,20.0,Ok,0x0,17.0
35.117105834,1599,20.0,Ok,0x0,17.0
35.137195667,1600,20.0,Ok,0x0,15.0
35.157437375,1601,20.0,Ok,0x0,21.0
35.178098709,1602,20.0,Ok,0x0,21.0
35.19769725,1603,20.0,Ok,0x0,15.0
35.217567167,1604,20.0,Ok,0x0,20.0
35.237342834,1605,20.0,Ok,0x0,20.0
35.25740275,1606,20.0,Ok,0x0,23.0
35.277658709,1607,20.0,Ok,0x0,24.0
35.297685417,1608,20.0,Ok,0x0,21.0
35.317615209,1609,20.0,Ok,0x0,23.0
35.33751975,1610,20.0,Ok,0x0,23.0
35.357492917,1611,20.0,Ok,0x0,28.0
35.377482417,1612,20.0,Ok,0x0,24.0
35.397447542,1613,20.0,Ok,0x0,25.0
35.417553834,1614,20.0,Ok,0x0,31.0
35.437497917,1615,20.0,Ok,0x0,25.0
35.457475542,1616,20.0,Ok,0x0,22.0
35.478131709,1617,20.0,Ok,0x0,24.0
35.497720917,1618,20.0,Ok,0x0,21.0
35.517908625,1619,20.0,Ok,0x0,23.0
35.537846,1620,20.0,Ok,0x0,23.0
35.557292834,1621,20.0,Ok,0x0,29.0
35.577579625,1622,20.0,Ok,0x0,18.0
35.598303834,1623,20.0,Ok,0x0,25.0
35.617373667,1624,20.0,Ok,0x0,23.0
35.637449417,1625,20.0,Ok,0x0,22.0
35.657636209,1626,20.0,Ok,0x0,19.0
35.6779085,1627,20.0,Ok,0x0,23.0
35.697592875,1628,20.0,Ok,0x0,23.0
35.717457917,1629,20.0,Ok,0x0,22.0
35.737605792,1630,20.0,Ok,0x0,23.0
35.757560125,1631,20.0,Ok,0x0,22.0
35.777562625,1632,20.0,Ok,0x0,20.0
35.797545084,1633,20.0,Ok,0x0,22.0
35.817626625,1634,20.0,Ok,0x0,23.0
35.838489542,1635,20.0,Ok,0x0,25.0
35.857953375,1636,20.0,Ok,0x0,25.0
35.877564875,1637,20.0,Ok,0x0,19.0
35.8980585,1638,20.0,Ok,0x0,22.0
35.918934667,1639,20.0,Ok,0x0,23.0
35.9384725,1640,20.0,Ok,0x0,22.0
35.958131542,1641,20.0,Ok,0x0,27.0
35.97790875,1642,20.0,Ok,0x0,24.0
35.997610667,1643,20.0,Ok,0x0,22.0
36.01761,1644,20.0,Ok,0x0,25.0
36.037301,1645,20.0,Ok,0x0,24.0
36.057959167,1646,20.0,Ok,0x0,20.0
36.078048959,1647,20.0,Ok,0x0,24.0
36.097966375,1648,20.0,Ok,0x0,23.0
36.117450917,1649,20.0,Ok,0x0,18.0
36.138778875,1650,20.0,Ok,0x0,24.0
36.158083375,1651,20.0,Ok,0x0,23.0
36.177957917,1652,20.0,Ok,0x0,24.0
36.197627959,1653,20.0,Ok,0x0,27.0
36.218405584,1654,20.0,Ok,0x0,24.0
36.237886625,1655,20.0,Ok,0x0,24.0
36.257979125,1656,20.0,Ok,0x0,25.0
36.277651542,1657,20.0,Ok,0x0,25.0
36.29727125,1658,20.0,Ok,0x0,25.0
36.31763225,1659,20.0,Ok,0x0,27.0
36.337662459,1660,20.0,Ok,0x0,26.0
36.357651625,1661,20.0,Ok,0x0,24.0
36.377591709,1662,20.0,Ok,0x0,25.0
36.39745,1663,20.0,Ok,0x0,26.0
36.417523584,1664,20.0,Ok,0x0,18.0
36.437512959,1665,20.0,Ok,0x0,24.0
36.457663917,1666,20.0,Ok,0x0,25.0
36.477749667,1667,20.0,Ok,0x0,24.0
36.49803675,1668,20.0,Ok,0x0,26.0
36.517458834,1669,20.0,Ok,0x0,24.0
36.537532667,1670,20.0,Ok,0x0,21.0
36.557574459,1671,20.0,Ok,0x0,26.0
36.577144709,1672,20.0,Ok,0x0,24.0
36.5976275,1673,20.0,Ok,0x0,20.0
36.617729792,1674,20.0,Ok,0x0,19.0
36.637594959,1675,20.0,Ok,0x0,23.0
36.657524625,1676,20.0,Ok,0x0,19.0
36.677562625,1677,20.0,Ok,0x0,18.0
36.697632125,1678,20.0,Ok,0x0,16.0
36.717624459,1679,20.0,Ok,0x0,25.0
36.737571209,1680,20.0,Ok,0x0,26.0
36.757153667,1681,20.0,Ok,0x0,31.0
36.777579042,1682,20.0,Ok,0x0,27.0
36.797741667,1683,20.0,Ok,0x0,31.0
36.817601375,1684,20.0,Ok,0x0,31.0
36.837597292,1685,20.0,Ok,0x0,29.0
36.857616375,1686,20.0,Ok,0x0,29.0
36.877584667,1687,20.0,Ok,0x0,28.0
36.897547125,1688,20.0,Ok,0x0,27.0
36.917255209,1689,20.0,Ok,0x0,31.0
36.937585709,1690,20.0,Ok,0x0,25.0
36.957597959,1691,20.0,Ok,0x0,28.0
36.977624209,1692,20.0,Ok,0x0,29.0
36.997602334,1693,20.0,Ok,0x0,29.0
37.017598917,1694,20.0,Ok,0x0,23.0
37.037129709,1695,20.0,Ok,0x0,27.0
37.057568459,1696,20.0,Ok,0x0,29.0
37.077160834,1697,20.0,Ok,0x0,29.0
37.097613667,1698,20.0,Ok,0x0,27.0
37.117755917,1699,20.0,Ok,0x0,27.0
37.13764825,1700,20.0,Ok,0x0,25.0
37.157580917,1701,20.0,Ok,0x0,26.0
37.177370209,1702,20.0,Ok,0x0,20.0
37.197586209,1703,20.0,Ok,0x0,21.0
37.217569542,1704,20.0,Ok,0x0,20.0
37.237569167,1705,20.0,Ok,0x0,20.0
37.257045917,1706,20.0,Ok,0x0,15.0
37.277590917,1707,20.0,Ok,0x0,21.0
37.297306375,1708,20.0,Ok,0x0,17.0
37.317511584,1709,20.0,Ok,0x0,11.0
37.337540459,1710,20.0,Ok,0x0,13.0
37.357640292,1711,20.0,Ok,0x0,16.0
37.377590459,1712,20.0,Ok,0x0,20.0
37.397152334,1713,20.0,Ok,0x0,20.0
37.417195875,1714,20.0,Ok,0x0,17.0
37.437686375,1715,20.0,Ok,0x0,19.0
37.457562209,1716,20.0,Ok,0x0,17.0
37.477569417,1717,20.0,Ok,0x0,18.0
37.497564084,1718,20.0,Ok,0x0,11.0
37.5174435,1719,20.0,Ok,0x0,17.0
37.537408959,1720,20.0,Ok,0x0,17.0
37.557422417,1721,20.0,Ok,0x0,19.0
37.577629584,1722,20.0,Ok,0x0,22.0
37.597284209,1723,20.0,Ok,0x0,18.0
37.617717334,1724,20.0,Ok,0x0,18.0
37.637569209,1725,20.0,Ok,0x0,19.0
37.657572875,1726,20.0,Ok,0x0,14.0
37.677507834,1727,20.0,Ok,0x0,9.0
37.697512709,1728,20.0,Ok,0x0,7.0
37.71785,1729,20.0,Ok,0x0,4.0
37.737513834,1730,20.0,Ok,0x0,62.0
37.757270709,1731,20.0,Ok,0x0,54.0
37.777594667,1732,20.0,Ok,0x0,44.0
37.797237459,1733,20.0,Ok,0x0,40.0
37.817341834,1734,20.0,Ok,0x0,39.0
37.837837292,1735,20.0,Ok,0x0,36.0
37.857503625,1736,20.0,Ok,0x0,30.0
37.877429792,1737,20.0,Ok,0x0,28.0
37.897413084,1738,20.0,Ok,0x0,27.0
37.917530625,1739,20.0,Ok,0x0,25.0
37.937695167,1740,20.0,Ok,0x0,26.0
37.9572625,1741,20.0,Ok,0x0,31.0
37.977934,1742,20.0,Ok,0x0,28.0
37.997829709,1743,20.0,Ok,0x0,31.0
38.017655084,1744,20.0,Ok,0x0,26.0
38.037307542,1745,20.0,Ok,0x0,32.0
38.057216584,1746,20.0,Ok,0x0,22.0
38.077569792,1747,20.0,Ok,0x0,24.0
38.097462209,1748,20.0,Ok,0x0,29.0
38.117582917,1749,20.0,Ok,0x0,27.0
38.137613084,1750,20.0,Ok,0x0,27.0
38.157124459,1751,20.0,Ok,0x0,28.0
38.177422292,1752,20.0,Ok,0x0,29.0
38.197450959,1753,20.0,Ok,0x0,25.0
38.21751075,1754,20.0,Ok,0x0,31.0
38.237433334,1755,20.0,Ok,0x0,24.0
38.257443834,1756,20.0,Ok,0x0,29.0
38.277568334,1757,20.0,Ok,0x0,27.0
38.297546625,1758,20.0,Ok,0x0,28.0
38.317667834,1759,20.0,Ok,0x0,30.0
38.337689667,1760,20.0,Ok,0x0,28.0
38.35730025,1761,20.0,Ok,0x0,29.0
38.377622,1762,20.0,Ok,0x0,26.0
38.397461125,1763,20.0,Ok,0x0,25.0
38.417504334,1764,20.0,Ok,0x0,29.0
38.437583459,1765,20.0,Ok,0x0,26.0
38.457595,1766,20.0,Ok,0x0,28.0
38.477683959,1767,20.0,Ok,0x0,28.0
38.497705125,1768,20.0,Ok,0x0,30.0
38.517681209,1769,20.0,Ok,0x0,29.0
38.537699292,1770,20.0,Ok,0x0,26.0
38.557519,1771,20.0,Ok,0x0,27.0
38.577766125,1772,20.0,Ok,0x0,27.0
38.597232959,1773,20.0,Ok,0x0,25.0
38.617720917,1774,20.0,Ok,0x0,29.0
38.637641625,1775,20.0,Ok,0x0,31.0
38.657385875,1776,20.0,Ok,0x0,27.0
38.677558499999996,1777,20.0,Ok,0x0,24.0
38.697552667,1778,20.0,Ok,0x0,30.0
38.717448542,1779,20.0,Ok,0x0,29.0
38.737089334,1780,20.0,Ok,0x0,25.0
38.757270209,1781,20.0,Ok,0x0,23.0
38.777557917,1782,20.0,Ok,0x0,25.0
38.797573084,1783,20.0,Ok,0x0,29.0
38.817554959,1784,20.0,Ok,0x0,25.0
38.837514834,1785,20.0,Ok,0x0,27.0
38.857789542,1786,20.0,Ok,0x0,24.0
38.877506167,1787,20.0,Ok,0x0,24.0
38.896958667,1788,20.0,Ok,0x0,28.0
38.917460417,1789,20.0,Ok,0x0,30.0
38.937238542,1790,20.0,Ok,0x0,25.0
38.957171542,1791,20.0,Ok,0x0,28.0
38.97747375,1792,20.0,Ok,0x0,27.0
38.997290459,1793,20.0,Ok,0x0,24.0
39.01749825,1794,20.0,Ok,0x0,28.0
39.037564709,1795,20.0,Ok,0x0,22.0
39.05749725,1796,20.0,Ok,0x0,22.0
39.077652667,1797,20.0,Ok,0x0,26.0
39.097533542,1798,20.0,Ok,0x0,31.0
39.117082167,1799,20.0,Ok,0x0,27.0
39.137278375,1800,20.0,Ok,0x0,25.0
39.157208209,1801,20.0,Ok,0x0,28.0
39.177118792,1802,20.0,Ok,0x0,30.0
39.197384959,1803,20.0,Ok,0x0,27.0
39.217632667,1804,20.0,Ok,0x0,22.0
39.245711292,1805,20.0,Ok,0x0,25.0
39.257326667,1806,20.0,Ok,0x0,29.0
39.277802834,1807,20.0,Ok,0x0,24.0
39.297448375,1808,20.0,Ok,0x0,24.0
39.317542584,1809,20.0,Ok,0x0,24.0
39.337416,1810,20.0,Ok,0x0,21.0
39.356989209,1811,20.0,Ok,0x0,21.0
39.377537375,1812,20.0,Ok,0x0,26.0
39.3991325,1813,20.0,Ok,0x0,23.0
39.417211917,1814,20.0,Ok,0x0,26.0
39.437736084,1815,20.0,Ok,0x0,21.0
39.457075709,1816,20.0,Ok,0x0,30.0
39.477503917,1817,20.0,Ok,0x0,28.0
39.497492,1818,20.0,Ok,0x0,24.0
39.518190584,1819,20.0,Ok,0x0,26.0
39.537475292,1820,20.0,Ok,0x0,26.0
39.557467,1821,20.0,Ok,0x0,25.0
39.577475959,1822,20.0,Ok,0x0,27.0
39.596986875,1823,20.0,Ok,0x0,28.0
39.617106167,1824,20.0,Ok,0x0,29.0
39.637734209,1825,20.0,Ok,0x0,27.0
39.657458749999996,1826,20.0,Ok,0x0,28.0
39.677373875,1827,20.0,Ok,0x0,26.0
39.697530542,1828,20.0,Ok,0x0,27.0
39.717465042,1829,20.0,Ok,0x0,31.0
39.737786959,1830,20.0,Ok,0x0,25.0
39.757542917,1831,20.0,Ok,0x0,24.0
39.777261584,1832,20.0,Ok,0x0,24.0
39.797452625,1833,20.0,Ok,0x0,25.0
39.817520375,1834,20.0,Ok,0x0,24.0
39.837238875,1835,20.0,Ok,0x0,23.0
39.856977042,1836,20.0,Ok,0x0,25.0
39.87741375,1837,20.0,Ok,0x0,27.0
39.897555625,1838,20.0,Ok,0x0,24.0
39.919790917,1839,20.0,Ok,0x0,27.0
39.93749575,1840,20.0,Ok,0x0,26.0
39.9575045,1841,20.0,Ok,0x0,25.0
39.977207084,1842,20.0,Ok,0x0,27.0
39.997455459,1843,20.0,Ok,0x0,26.0
40.017056959,1844,20.0,Ok,0x0,26.0
40.037137375,1845,20.0,Ok,0x0,25.0
40.057361834,1846,20.0,Ok,0x0,24.0
40.076961417,1847,20.0,Ok,0x0,30.0
40.09743825,1848,20.0,Ok,0x0,28.0
40.117364125,1849,20.0,Ok,0x0,28.0
40.138159959,1850,20.0,Ok,0x0,29.0
40.157098959,1851,20.0,Ok,0x0,27.0
40.177418209,1852,20.0,Ok,0x0,27.0
40.197476542,1853,20.0,Ok,0x0,29.0
40.217140084,1854,20.0,Ok,0x0,28.0
40.237665834,1855,20.0,Ok,0x0,24.0
40.257421667,1856,20.0,Ok,0x0,29.0
40.277491667,1857,20.0,Ok,0x0,27.0
40.297112667,1858,20.0,Ok,0x0,24.0
40.317258584,1859,20.0,Ok,0x0,26.0
40.337039459,1860,20.0,Ok,0x0,28.0
40.357439417,1861,20.0,Ok,0x0,26.0
40.377420375,1862,20.0,Ok,0x0,26.0
40.396978,1863,20.0,Ok,0x0,28.0
40.417515666999996,1864,20.0,Ok,0x0,26.0
40.437038167,1865,20.0,Ok,0x0,25.0
40.457501334,1866,20.0,Ok,0x0,27.0
40.476992667,1867,20.0,Ok,0x0,22.0
40.497480834,1868,20.0,Ok,0x0,29.0
40.517619375,1869,20.0,Ok,0x0,28.0
40.539360125,1870,20.0,Ok,0x0,22.0
40.557078667,1871,20.0,Ok,0x0,24.0
40.577414334,1872,20.0,Ok,0x0,24.0
40.597437084,1873,20.0,Ok,0x0,24.0
40.617042459,1874,20.0,Ok,0x0,29.0
40.636938834,1875,20.0,Ok,0x0,25.0
40.657053499999996,1876,20.0,Ok,0x0,26.0
40.67734925,1877,20.0,Ok,0x0,24.0
40.696956959,1878,20.0,Ok,0x0,26.0
40.717049417,1879,20.0,Ok,0x0,27.0
40.7372755,1880,20.0,Ok,0x0,25.0
40.758164542,1881,20.0,Ok,0x0,27.0
40.777447834,1882,20.0,Ok,0x0,28.0
40.797787542,1883,20.0,Ok,0x0,28.0
40.817324167,1884,20.0,Ok,0x0,28.0
40.837483084,1885,20.0,Ok,0x0,28.0
40.85744525,1886,20.0,Ok,0x0,22.0
40.877428709,1887,20.0,Ok,0x0,26.0
40.897282334,1888,20.0,Ok,0x0,27.0
40.917461542,1889,20.0,Ok,0x0,27.0
40.937478709,1890,20.0,Ok,0x0,27.0
40.957984667,1891,20.0,Ok,0x0,26.0
40.97733525,1892,20.0,Ok,0x0,25.0
40.996876709,1893,20.0,Ok,0x0,29.0
41.017311709,1894,20.0,Ok,0x0,27.0
41.03705475,1895,20.0,Ok,0x0,28.0
41.057209084,1896,20.0,Ok,0x0,24.0
41.078924084,1897,20.0,Ok,0x0,27.0
41.097206584,1898,20.0,Ok,0x0,30.0
41.116983334,1899,20.0,Ok,0x0,26.0
41.137254542,1900,20.0,Ok,0x0,24.0
41.156948334,1901,20.0,Ok,0x0,27.0
41.177384792,1902,20.0,Ok,0x0,24.0
41.197411709,1903,20.0,Ok,0x0,28.0
41.2170745,1904,20.0,Ok,0x0,26.0
41.237187792,1905,20.0,Ok,0x0,26.0
41.257632875,1906,20.0,Ok,0x0,25.0
41.277494,1907,20.0,Ok,0x0,27.0
41.297793125,1908,20.0,Ok,0x0,23.0
41.316977625,1909,20.0,Ok,0x0,30.0
41.33758575,1910,20.0,Ok,0x0,29.0
41.357429459,1911,20.0,Ok,0x0,25.0
41.377200375,1912,20.0,Ok,0x0,22.0
41.397355959,1913,20.0,Ok,0x0,29.0
41.417077167,1914,20.0,Ok,0x0,28.0
41.436910959,1915,20.0,Ok,0x0,24.0
41.457549875,1916,20.0,Ok,0x0,27.0
41.478507334,1917,20.0,Ok,0x0,29.0
41.497418542,1918,20.0,Ok,0x0,22.0
41.517031959,1919,20.0,Ok,0x0,28.0
41.536995625,1920,20.0,Ok,0x0,25.0
41.556969375,1921,20.0,Ok,0x0,30.0
41.577010584,1922,20.0,Ok,0x0,24.0
41.596876,1923,20.0,Ok,0x0,24.0
41.617016917,1924,20.0,Ok,0x0,28.0
41.637376625,1925,20.0,Ok,0x0,30.0
41.657233042,1926,20.0,Ok,0x0,25.0
41.677392792,1927,20.0,Ok,0x0,27.0
41.697347625,1928,20.0,Ok,0x0,25.0
41.7173605,1929,20.0,Ok,0x0,21.0
41.738402709,1930,20.0,Ok,0x0,26.0
41.756967417,1931,20.0,Ok,0x0,26.0
41.777045125,1932,20.0,Ok,0x0,25.0
41.797447125,1933,20.0,Ok,0x0,27.0
41.817457792,1934,20.0,Ok,0x0,27.0
41.837451084,1935,20.0,Ok,0x0,27.0
41.857426042,1936,20.0,Ok,0x0,27.0
41.877768625,1937,20.0,Ok,0x0,29.0
41.897532,1938,20.0,Ok,0x0,25.0
41.916906834,1939,20.0,Ok,0x0,26.0
41.937259917,1940,20.0,Ok,0x0,26.0
41.957396459,1941,20.0,Ok,0x0,22.0
41.977572292,1942,20.0,Ok,0x0,26.0
41.99704775,1943,20.0,Ok,0x0,26.0
42.017444,1944,20.0,Ok,0x0,26.0
42.037450917,1945,20.0,Ok,0x0,24.0
42.057211375,1946,20.0,Ok,0x0,26.0
42.077207917,1947,20.0,Ok,0x0,28.0
42.097371542,1948,20.0,Ok,0x0,25.0
42.117517667,1949,20.0,Ok,0x0,26.0
42.137400625,1950,20.0,Ok,0x0,26.0
42.160192542,1951,20.0,Ok,0x0,26.0
42.17706675,1952,20.0,Ok,0x0,25.0
42.197388625,1953,20.0,Ok,0x0,26.0
42.217023125,1954,20.0,Ok,0x0,26.0
42.236992417,1955,20.0,Ok,0x0,27.0
42.256943584,1956,20.0,Ok,0x0,26.0
42.276879125,1957,20.0,Ok,0x0,27.0
42.297330167,1958,20.0,Ok,0x0,24.0
42.316919,1959,20.0,Ok,0x0,28.0
42.336954292,1960,20.0,Ok,0x0,24.0
42.357410875,1961,20.0,Ok,0x0,24.0
42.377537209,1962,20.0,Ok,0x0,26.0
42.396968375,1963,20.0,Ok,0x0,25.0
42.416987167,1964,20.0,Ok,0x0,24.0
42.43746075,1965,20.0,Ok,0x0,24.0
42.4568475,1966,20.0,Ok,0x0,24.0
42.477460625,1967,20.0,Ok,0x0,28.0
42.496918084,1968,20.0,Ok,0x0,23.0
42.517011375,1969,20.0,Ok,0x0,27.0
42.536917,1970,20.0,Ok,0x0,28.0
42.557413875,1971,20.0,Ok,0x0,25.0
42.57675325,1972,20.0,Ok,0x0,25.0
42.597234834,1973,20.0,Ok,0x0,26.0
42.617411667,1974,20.0,Ok,0x0,24.0
42.637337084,1975,20.0,Ok,0x0,25.0
42.657156084,1976,20.0,Ok,0x0,28.0
42.677197959,1977,20.0,Ok,0x0,25.0
42.696899417,1978,20.0,Ok,0x0,25.0
42.717281084,1979,20.0,Ok,0x0,25.0
42.73733175,1980,20.0,Ok,0x0,26.0
42.75714825,1981,20.0,Ok,0x0,22.0
42.777495584,1982,20.0,Ok,0x0,24.0
42.797231375,1983,20.0,Ok,0x0,24.0
42.817249125,1984,20.0,Ok,0x0,25.0
42.836858625,1985,20.0,Ok,0x0,25.0
42.85716275,1986,20.0,Ok,0x0,25.0
42.876951834,1987,20.0,Ok,0x0,24.0
42.899163584,1988,20.0,Ok,0x0,21.0
42.91737575,1989,20.0,Ok,0x0,26.0
42.937171667,1990,20.0,Ok,0x0,29.0
42.957177917,1991,20.0,Ok,0x0,30.0
42.977275875,1992,20.0,Ok,0x0,25.0
42.996860334,1993,20.0,Ok,0x0,31.0
43.017074667,1994,20.0,Ok,0x0,26.0
43.036723625,1995,20.0,Ok,0x0,25.0
43.056753334,1996,20.0,Ok,0x0,24.0
43.077272834,1997,20.0,Ok,0x0,21.0
43.097157375,1998,20.0,Ok,0x0,27.0
43.118443625,1999,20.0,Ok,0x0,22.0
43.136754125,2000,20.0,Ok,0x0,24.0
43.162160584,2001,20.0,Ok,0x0,25.0
43.17687825,2002,20.0,Ok,0x0,25.0
43.197502584,2003,20.0,Ok,0x0,28.0
43.217107625,2004,20.0,Ok,0x0,27.0
43.237468417,2005,20.0,Ok,0x0,29.0
43.259270792,2006,20.0,Ok,0x0,27.0
43.277297292,2007,20.0,Ok,0x0,29.0
43.297226625,2008,20.0,Ok,0x0,26.0
43.316675084,2009,20.0,Ok,0x0,31.0
43.337221792,2010,20.0,Ok,0x0,30.0
43.356724292,2011,20.0,Ok,0x0,31.0
43.377284917,2012,20.0,Ok,0x0,27.0
43.397245292,2013,20.0,Ok,0x0,32.0
43.4173945,2014,20.0,Ok,0x0,29.0
43.436932167,2015,20.0,Ok,0x0,30.0
43.457291292,2016,20.0,Ok,0x0,30.0
43.477220584,2017,20.0,Ok,0x0,28.0
43.496731375,2018,20.0,Ok,0x0,32.0
43.517278959,2019,20.0,Ok,0x0,30.0
43.537079334,2020,20.0,Ok,0x0,28.0
43.5569245,2021,20.0,Ok,0x0,25.0
43.577229542,2022,20.0,Ok,0x0,30.0
43.596674042,2023,20.0,Ok,0x0,25.0
43.617352834,2024,20.0,Ok,0x0,27.0
43.636889209,2025,20.0,Ok,0x0,28.0
43.657290667,2026,20.0,Ok,0x0,25.0
43.677143792,2027,20.0,Ok,0x0,30.0
43.697635167,2028,20.0,Ok,0x0,28.0
43.716990542,2029,20.0,Ok,0x0,23.0
43.7371075,2030,20.0,Ok,0x0,29.0
43.757280584,2031,20.0,Ok,0x0,28.0
43.776707792,2032,20.0,Ok,0x0,30.0
43.797454292,2033,20.0,Ok,0x0,26.0
43.817387584,2034,20.0,Ok,0x0,26.0
43.837302584,2035,20.0,Ok,0x0,28.0
43.857118292,2036,20.0,Ok,0x0,27.0
43.876810084,2037,20.0,Ok,0x0,30.0
43.897178709,2038,20.0,Ok,0x0,28.0
43.9172095,2039,20.0,Ok,0x0,29.0
43.937347125,2040,20.0,Ok,0x0,31.0
43.95726225,2041,20.0,Ok,0x0,30.0
43.977290292,2042,20.0,Ok,0x0,30.0
43.997223709,2043,20.0,Ok,0x0,28.0
44.017293792,2044,20.0,Ok,0x0,25.0
44.03728225,2045,20.0,Ok,0x0,29.0
44.057105917,2046,20.0,Ok,0x0,27.0
44.077261334,2047,20.0,Ok,0x0,22.0
44.097417959,2048,20.0,Ok,0x0,23.0
44.116845625,2049,20.0,Ok,0x0,27.0
44.13694,2050,20.0,Ok,0x0,26.0
44.157438375,2051,20.0,Ok,0x0,25.0
44.177112542,2052,20.0,Ok,0x0,27.0
44.197217334,2053,20.0,Ok,0x0,29.0
44.216839292,2054,20.0,Ok,0x0,26.0
44.237241167,2055,20.0,Ok,0x0,26.0
44.257299,2056,20.0,Ok,0x0,28.0
44.276905375,2057,20.0,Ok,0x0,24.0
44.297273875,2058,20.0,Ok,0x0,26.0
44.317640667,2059,20.0,Ok,0x0,28.0
44.337289834,2060,20.0,Ok,0x0,24.0
44.357030334,2061,20.0,Ok,0x0,27.0
44.376982125,2062,20.0,Ok,0x0,20.0
44.397139417,2063,20.0,Ok,0x0,25.0
44.417296167,2064,20.0,Ok,0x0,23.0
44.437310584,2065,20.0,Ok,0x0,27.0
44.457220667,2066,20.0,Ok,0x0,26.0
44.477340417,2067,20.0,Ok,0x0,24.0
44.497033167,2068,20.0,Ok,0x0,27.0
44.516716834,2069,20.0,Ok,0x0,23.0
44.537018417,2070,20.0,Ok,0x0,25.0
44.557530625,2071,20.0,Ok,0x0,25.0
44.57721625,2072,20.0,Ok,0x0,26.0
44.596936709,2073,20.0,Ok,0x0,28.0
44.617023667,2074,20.0,Ok,0x0,28.0
44.636749209,2075,20.0,Ok,0x0,24.0
44.657937542,2076,20.0,Ok,0x0,28.0
44.677231625,2077,20.0,Ok,0x0,22.0
44.696830542,2078,20.0,Ok,0x0,28.0
44.717206917,2079,20.0,Ok,0x0,28.0
44.736694042,2080,20.0,Ok,0x0,27.0
44.757295959,2081,20.0,Ok,0x0,26.0
44.777131042,2082,20.0,Ok,0x0,27.0
44.797089667,2083,20.0,Ok,0x0,27.0
44.817067209,2084,20.0,Ok,0x0,23.0
44.837130375,2085,20.0,Ok,0x0,21.0
44.857312709,2086,20.0,Ok,0x0,27.0
44.877253917,2087,20.0,Ok,0x0,22.0
44.897257709,2088,20.0,Ok,0x0,27.0
44.917238917,2089,20.0,Ok,0x0,25.0
44.937292875,2090,20.0,Ok,0x0,26.0
44.957296125,2091,20.0,Ok,0x0,26.0
44.983371959,2092,20.0,Ok,0x0,25.0
44.997422334,2093,20.0,Ok,0x0,22.0
45.017266084,2094,20.0,Ok,0x0,24.0
45.037195625,2095,20.0,Ok,0x0,29.0
45.056882459,2096,20.0,Ok,0x0,25.0
45.077271875,2097,20.0,Ok,0x0,24.0
45.096786375,2098,20.0,Ok,0x0,29.0
45.117279125,2099,20.0,Ok,0x0,23.0
45.13725575,2100,20.0,Ok,0x0,27.0
45.156676709,2101,20.0,Ok,0x0,26.0
45.177251542,2102,20.0,Ok,0x0,25.0
45.197227042,2103,20.0,Ok,0x0,27.0
45.217811334,2104,20.0,Ok,0x0,29.0
45.236819209,2105,20.0,Ok,0x0,28.0
45.256692375,2106,20.0,Ok,0x0,29.0
45.276725667,2107,20.0,Ok,0x0,25.0
45.297262,2108,20.0,Ok,0x0,29.0
45.316960667,2109,20.0,Ok,0x0,27.0
45.336793917,2110,20.0,Ok,0x0,28.0
45.357261625,2111,20.0,Ok,0x0,27.0
45.377252792,2112,20.0,Ok,0x0,29.0
45.400504959,2113,20.0,Ok,0x0,29.0
45.417477209,2114,20.0,Ok,0x0,28.0
45.437165709,2115,20.0,Ok,0x0,23.0
45.4570745,2116,20.0,Ok,0x0,30.0
45.477076959,2117,20.0,Ok,0x0,28.0
45.497077084,2118,20.0,Ok,0x0,25.0
45.517098542,2119,20.0,Ok,0x0,29.0
45.537073292,2120,20.0,Ok,0x0,27.0
45.556755042,2121,20.0,Ok,0x0,27.0
45.577151792,2122,20.0,Ok,0x0,24.0
45.597104917,2123,20.0,Ok,0x0,27.0
45.616805542,2124,20.0,Ok,0x0,30.0
45.636795792,2125,20.0,Ok,0x0,29.0
45.656792167,2126,20.0,Ok,0x0,28.0
45.677244,2127,20.0,Ok,0x0,29.0
45.696828042,2128,20.0,Ok,0x0,26.0
45.717021375,2129,20.0,Ok,0x0,23.0
45.737234,2130,20.0,Ok,0x0,28.0
45.75718775,2131,20.0,Ok,0x0,28.0
45.776933959,2132,20.0,Ok,0x0,24.0
45.796665709,2133,20.0,Ok,0x0,24.0
45.817406749999996,2134,20.0,Ok,0x0,29.0
45.837111334,2135,20.0,Ok,0x0,28.0
45.857160417,2136,20.0,Ok,0x0,27.0
45.876622125,2137,20.0,Ok,0x0,25.0
45.897090209,2138,20.0,Ok,0x0,27.0
45.916640416999996,2139,20.0,Ok,0x0,30.0
45.937082,2140,20.0,Ok,0x0,26.0
45.956884167,2141,20.0,Ok,0x0,31.0
45.977092375,2142,20.0,Ok,0x0,26.0
45.997133125,2143,20.0,Ok,0x0,30.0
46.016669,2144,20.0,Ok,0x0,30.0
46.036814042,2145,20.0,Ok,0x0,27.0
46.057064917,2146,20.0,Ok,0x0,26.0
46.077063834,2147,20.0,Ok,0x0,41.0
46.0972275,2148,20.0,Ok,0x0,38.0
46.1168275,2149,20.0,Ok,0x0,34.0
46.137186167,2150,20.0,Ok,0x0,42.0
46.156793625,2151,20.0,Ok,0x0,39.0
46.177231625,2152,20.0,Ok,0x0,36.0
46.197076709,2153,20.0,Ok,0x0,38.0
46.216645917,2154,20.0,Ok,0x0,35.0
46.236745542,2155,20.0,Ok,0x0,39.0
46.257113542,2156,20.0,Ok,0x0,31.0
46.276930792,2157,20.0,Ok,0x0,29.0
46.299506459,2158,20.0,Ok,0x0,34.0
46.316879,2159,20.0,Ok,0x0,24.0
46.337404334,2160,20.0,Ok,0x0,32.0
46.357190417,2161,20.0,Ok,0x0,30.0
46.377203625,2162,20.0,Ok,0x0,25.0
46.396908667,2163,20.0,Ok,0x0,31.0
46.417451792,2164,20.0,Ok,0x0,33.0
46.436838542,2165,20.0,Ok,0x0,29.0
46.456727667,2166,20.0,Ok,0x0,36.0
46.4771275,2167,20.0,Ok,0x0,24.0
46.497013125,2168,20.0,Ok,0x0,24.0
46.516795292,2169,20.0,Ok,0x0,30.0
46.536982667,2170,20.0,Ok,0x0,31.0
46.557063959,2171,20.0,Ok,0x0,7.0
46.577500125,2172,20.0,Ok,0x0,0.0
46.597025667,2173,20.0,Ok,0x0,0.0
46.617138709,2174,20.0,Ok,0x0,7.0
46.636875417,2175,20.0,Ok,0x0,12.0
46.656672875,2176,20.0,Ok,0x0,16.0
46.677144375,2177,20.0,Ok,0x0,12.0
46.696941042,2178,20.0,Ok,0x0,13.0
46.717075167,2179,20.0,Ok,0x0,17.0
46.736680917,2180,20.0,Ok,0x0,24.0
46.757114459,2181,20.0,Ok,0x0,32.0
46.776744375,2182,20.0,Ok,0x0,29.0
46.79716975,2183,20.0,Ok,0x0,25.0
46.816629625,2184,20.0,Ok,0x0,23.0
46.836994917,2185,20.0,Ok,0x0,24.0
46.857206709,2186,20.0,Ok,0x0,26.0
46.877303334,2187,20.0,Ok,0x0,28.0
46.8975025,2188,20.0,Ok,0x0,26.0
46.916890459,2189,20.0,Ok,0x0,25.0
46.936797209,2190,20.0,Ok,0x0,24.0
46.956950584,2191,20.0,Ok,0x0,23.0
46.977133167,2192,20.0,Ok,0x0,26.0
46.997220625,2193,20.0,Ok,0x0,27.0
47.016701417,2194,20.0,Ok,0x0,25.0
47.037099625,2195,20.0,Ok,0x0,24.0
47.056733125,2196,20.0,Ok,0x0,25.0
47.077102792,2197,20.0,Ok,0x0,24.0
47.096826042,2198,20.0,Ok,0x0,29.0
47.116857792,2199,20.0,Ok,0x0,28.0
47.137048209,2200,20.0,Ok,0x0,24.0
47.156565584,2201,20.0,Ok,0x0,26.0
47.177106459,2202,20.0,Ok,0x0,25.0
47.196773667,2203,20.0,Ok,0x0,23.0
47.217274917,2204,20.0,Ok,0x0,29.0
47.23667125,2205,20.0,Ok,0x0,26.0
47.257066292,2206,20.0,Ok,0x0,26.0
47.277309542,2207,20.0,Ok,0x0,29.0
47.297070917,2208,20.0,Ok,0x0,29.0
47.317083667,2209,20.0,Ok,0x0,28.0
47.337063042,2210,20.0,Ok,0x0,27.0
47.356983417,2211,20.0,Ok,0x0,29.0
47.376967,2212,20.0,Ok,0x0,27.0
47.396916084,2213,20.0,Ok,0x0,25.0
47.416952292,2214,20.0,Ok,0x0,27.0
47.436930542,2215,20.0,Ok,0x0,27.0
47.456639834,2216,20.0,Ok,0x0,26.0
47.477132667,2217,20.0,Ok,0x0,25.0
47.497105459,2218,20.0,Ok,0x0,29.0
47.517132,2219,20.0,Ok,0x0,24.0
47.537012542,2220,20.0,Ok,0x0,29.0
47.557014,2221,20.0,Ok,0x0,25.0
47.577146417,2222,20.0,Ok,0x0,25.0
47.597484709,2223,20.0,Ok,0x0,28.0
47.616871,2224,20.0,Ok,0x0,25.0
47.637433667,2225,20.0,Ok,0x0,28.0
47.657218417,2226,20.0,Ok,0x0,26.0
47.677048125,2227,20.0,Ok,0x0,24.0
47.696975459,2228,20.0,Ok,0x0,24.0
47.716983,2229,20.0,Ok,0x0,26.0
47.736990584,2230,20.0,Ok,0x0,25.0
47.756996,2231,20.0,Ok,0x0,24.0
47.777084625,2232,20.0,Ok,0x0,27.0
47.797036209,2233,20.0,Ok,0x0,28.0
47.817208334,2234,20.0,Ok,0x0,28.0
47.837028083999996,2235,20.0,Ok,0x0,30.0
47.85707575,2236,20.0,Ok,0x0,29.0
47.876985084,2237,20.0,Ok,0x0,27.0
47.89720975,2238,20.0,Ok,0x0,24.0
47.916936875,2239,20.0,Ok,0x0,29.0
47.937013709,2240,20.0,Ok,0x0,28.0
47.956965334,2241,20.0,Ok,0x0,29.0
47.97695075,2242,20.0,Ok,0x0,23.0
47.9969495,2243,20.0,Ok,0x0,26.0
48.016920125,2244,20.0,Ok,0x0,26.0
48.03690925,2245,20.0,Ok,0x0,25.0
48.05691925,2246,20.0,Ok,0x0,25.0
48.076967959,2247,20.0,Ok,0x0,29.0
48.096975125,2248,20.0,Ok,0x0,27.0
48.116956459,2249,20.0,Ok,0x0,24.0
48.136992167,2250,20.0,Ok,0x0,30.0
48.15677425,2251,20.0,Ok,0x0,24.0
48.177011959,2252,20.0,Ok,0x0,25.0
48.196941167,2253,20.0,Ok,0x0,25.0
48.216916125,2254,20.0,Ok,0x0,22.0
48.236929584,2255,20.0,Ok,0x0,26.0
48.256964834,2256,20.0,Ok,0x0,23.0
48.277100459,2257,20.0,Ok,0x0,26.0
48.297029167,2258,20.0,Ok,0x0,27.0
48.31693725,2259,20.0,Ok,0x0,25.0
48.336976417,2260,20.0,Ok,0x0,27.0
48.356929417,2261,20.0,Ok,0x0,29.0
48.376987667,2262,20.0,Ok,0x0,27.0
48.396984542,2263,20.0,Ok,0x0,25.0
48.416973042,2264,20.0,Ok,0x0,22.0
48.436958792,2265,20.0,Ok,0x0,29.0
48.457025084,2266,20.0,Ok,0x0,22.0
48.479267042,2267,20.0,Ok,0x0,28.0
48.496756,2268,20.0,Ok,0x0,29.0
48.516986459,2269,20.0,Ok,0x0,23.0
48.53724975,2270,20.0,Ok,0x0,28.0
48.556962542,2271,20.0,Ok,0x0,24.0
48.576912792,2272,20.0,Ok,0x0,29.0
48.597003292,2273,20.0,Ok,0x0,22.0
48.616961375,2274,20.0,Ok,0x0,25.0
48.636919,2275,20.0,Ok,0x0,24.0
48.656979084,2276,20.0,Ok,0x0,27.0
48.676941125,2277,20.0,Ok,0x0,23.0
48.696948667,2278,20.0,Ok,0x0,27.0
48.716904625,2279,20.0,Ok,0x0,24.0
48.736802084,2280,20.0,Ok,0x0,24.0
48.756978042,2281,20.0,Ok,0x0,25.0
48.776982167,2282,20.0,Ok,0x0,22.0
48.79692075,2283,20.0,Ok,0x0,24.0
48.816919042,2284,20.0,Ok,0x0,24.0
48.836963709,2285,20.0,Ok,0x0,26.0
48.856943709,2286,20.0,Ok,0x0,24.0
48.876974084,2287,20.0,Ok,0x0,24.0
48.896988167,2288,20.0,Ok,0x0,23.0
48.916960167,2289,20.0,Ok,0x0,24.0
48.936888084,2290,20.0,Ok,0x0,24.0
48.956889709,2291,20.0,Ok,0x0,24.0
48.9768685,2292,20.0,Ok,0x0,22.0
48.996895792,2293,20.0,Ok,0x0,24.0
49.016879834,2294,20.0,Ok,0x0,24.0
49.0369055,2295,20.0,Ok,0x0,22.0
49.056866709,2296,20.0,Ok,0x0,26.0
49.077243084,2297,20.0,Ok,0x0,26.0
49.097017959,2298,20.0,Ok,0x0,23.0
49.116925209,2299,20.0,Ok,0x0,23.0
49.13688675,2300,20.0,Ok,0x0,25.0
49.156898584,2301,20.0,Ok,0x0,25.0
49.177031167,2302,20.0,Ok,0x0,24.0
49.196956042,2303,20.0,Ok,0x0,26.0
49.216937667,2304,20.0,Ok,0x0,25.0
49.236901917,2305,20.0,Ok,0x0,20.0
49.256874542,2306,20.0,Ok,0x0,24.0
49.276654292,2307,20.0,Ok,0x0,24.0
49.29712475,2308,20.0,Ok,0x0,27.0
49.316869667,2309,20.0,Ok,0x0,24.0
49.336992375,2310,20.0,Ok,0x0,26.0
49.35694625,2311,20.0,Ok,0x0,24.0
49.3768605,2312,20.0,Ok,0x0,25.0
49.396825417,2313,20.0,Ok,0x0,23.0
49.417745584,2314,20.0,Ok,0x0,24.0
49.437245459,2315,20.0,Ok,0x0,27.0
49.457011125,2316,20.0,Ok,0x0,24.0
49.476951167,2317,20.0,Ok,0x0,24.0
49.49690925,2318,20.0,Ok,0x0,26.0
49.516944459,2319,20.0,Ok,0x0,27.0
49.536872,2320,20.0,Ok,0x0,26.0
49.556945667,2321,20.0,Ok,0x0,26.0
49.576912917,2322,20.0,Ok,0x0,24.0
49.596864417,2323,20.0,Ok,0x0,19.0
49.616851959,2324,20.0,Ok,0x0,22.0
49.636921375,2325,20.0,Ok,0x0,24.0
49.65687375,2326,20.0,Ok,0x0,20.0
49.676884542,2327,20.0,Ok,0x0,23.0
49.6969845,2328,20.0,Ok,0x0,24.0
49.71696775,2329,20.0,Ok,0x0,21.0
49.736839375,2330,20.0,Ok,0x0,22.0
49.756912542,2331,20.0,Ok,0x0,24.0
49.776876834,2332,20.0,Ok,0x0,23.0
49.79694075,2333,20.0,Ok,0x0,21.0
49.816851334,2334,20.0,Ok,0x0,23.0
49.836850917,2335,20.0,Ok,0x0,24.0
49.85689775,2336,20.0,Ok,0x0,22.0
49.876883417,2337,20.0,Ok,0x0,24.0
49.896851792,2338,20.0,Ok,0x0,27.0
49.916844125,2339,20.0,Ok,0x0,23.0
49.936912042,2340,20.0,Ok,0x0,26.0
49.956829209,2341,20.0,Ok,0x0,18.0
49.977144792,2342,20.0,Ok,0x0,24.0
49.996951334,2343,20.0,Ok,0x0,24.0
50.016999584,2344,20.0,Ok,0x0,26.0
50.037468,2345,20.0,Ok,0x0,30.0
50.056969167,2346,20.0,Ok,0x0,28.0
50.0768985,2347,20.0,Ok,0x0,29.0
50.096836792,2348,20.0,Ok,0x0,25.0
50.116873625,2349,20.0,Ok,0x0,22.0
50.136862459,2350,20.0,Ok,0x0,26.0
50.156863084,2351,20.0,Ok,0x0,27.0
50.176824959,2352,20.0,Ok,0x0,25.0
50.196929709,2353,20.0,Ok,0x0,25.0
50.216853,2354,20.0,Ok,0x0,25.0
50.236888959,2355,20.0,Ok,0x0,25.0
50.256857792,2356,20.0,Ok,0x0,27.0
50.276961875,2357,20.0,Ok,0x0,27.0
50.29688,2358,20.0,Ok,0x0,27.0
50.31684925,2359,20.0,Ok,0x0,23.0
50.336952292,2360,20.0,Ok,0x0,26.0
50.356923417,2361,20.0,Ok,0x0,26.0
50.376842792,2362,20.0,Ok,0x0,26.0
50.396819042,2363,20.0,Ok,0x0,26.0
50.416816584,2364,20.0,Ok,0x0,26.0
50.436904042,2365,20.0,Ok,0x0,25.0
50.456803292,2366,20.0,Ok,0x0,26.0
50.476893167,2367,20.0,Ok,0x0,27.0
50.496885792,2368,20.0,Ok,0x0,21.0
50.516887959,2369,20.0,Ok,0x0,22.0
50.537033292,2370,20.0,Ok,0x0,26.0
50.557685417,2371,20.0,Ok,0x0,25.0
50.576616375,2372,20.0,Ok,0x0,25.0
50.596938625,2373,20.0,Ok,0x0,21.0
50.616876667,2374,20.0,Ok,0x0,22.0
50.636872209,2375,20.0,Ok,0x0,21.0
50.657006084,2376,20.0,Ok,0x0,22.0
50.676866209,2377,20.0,Ok,0x0,27.0
50.696778209,2378,20.0,Ok,0x0,27.0
50.716839459,2379,20.0,Ok,0x0,24.0
50.736793042,2380,20.0,Ok,0x0,24.0
50.756838084,2381,20.0,Ok,0x0,26.0
50.776804209,2382,20.0,Ok,0x0,26.0
50.796873584,2383,20.0,Ok,0x0,25.0
50.816813167,2384,20.0,Ok,0x0,24.0
50.836782709,2385,20.0,Ok,0x0,22.0
50.856924209,2386,20.0,Ok,0x0,25.0
50.876856459,2387,20.0,Ok,0x0,26.0
50.896961209,2388,20.0,Ok,0x0,24.0
50.916884542,2389,20.0,Ok,0x0,26.0
50.936869292,2390,20.0,Ok,0x0,22.0
50.956761042,2391,20.0,Ok,0x0,27.0
50.976820167,2392,20.0,Ok,0x0,22.0
50.99678925,2393,20.0,Ok,0x0,25.0
51.016773042,2394,20.0,Ok,0x0,23.0
51.036772875,2395,20.0,Ok,0x0,23.0
51.056741417,2396,20.0,Ok,0x0,23.0
51.076866875,2397,20.0,Ok,0x0,23.0
51.096851459,2398,20.0,Ok,0x0,24.0
51.116868959,2399,20.0,Ok,0x0,22.0
51.136828875,2400,20.0,Ok,0x0,28.0
51.156779209,2401,20.0,Ok,0x0,24.0
51.176815292,2402,20.0,Ok,0x0,24.0
51.196821042,2403,20.0,Ok,0x0,23.0
51.216781209,2404,20.0,Ok,0x0,25.0
51.23736775,2405,20.0,Ok,0x0,22.0
51.256871167,2406,20.0,Ok,0x0,26.0
51.276997459,2407,20.0,Ok,0x0,23.0
51.29708375,2408,20.0,Ok,0x0,24.0
51.316872542,2409,20.0,Ok,0x0,23.0
51.336800709,2410,20.0,Ok,0x0,22.0
51.356795042,2411,20.0,Ok,0x0,17.0
51.376853875,2412,20.0,Ok,0x0,21.0
51.396826167,2413,20.0,Ok,0x0,20.0
51.416798959,2414,20.0,Ok,0x0,22.0
51.436844667,2415,20.0,Ok,0x0,23.0
51.456803334,2416,20.0,Ok,0x0,16.0
51.476795959,2417,20.0,Ok,0x0,23.0
51.49686975,2418,20.0,Ok,0x0,20.0
51.516775584,2419,20.0,Ok,0x0,17.0
51.536967417,2420,20.0,Ok,0x0,18.0
51.556820209,2421,20.0,Ok,0x0,21.0
51.576864084,2422,20.0,Ok,0x0,24.0
51.596813167,2423,20.0,Ok,0x0,17.0
51.616822167,2424,20.0,Ok,0x0,16.0
51.636818209,2425,20.0,Ok,0x0,19.0
51.656807875,2426,20.0,Ok,0x0,21.0
51.6767845,2427,20.0,Ok,0x0,17.0
51.69683225,2428,20.0,Ok,0x0,17.0
51.716365917,2429,20.0,Ok,0x0,17.0
51.736815417,2430,20.0,Ok,0x0,16.0
51.756451042,2431,20.0,Ok,0x0,8.0
51.777013709,2432,20.0,Ok,0x0,13.0
51.7965985,2433,20.0,Ok,0x0,14.0
51.816834667,2434,20.0,Ok,0x0,14.0
51.836787959,2435,20.0,Ok,0x0,13.0
51.856836375,2436,20.0,Ok,0x0,19.0
51.8767635,2437,20.0,Ok,0x0,16.0
51.896792417,2438,20.0,Ok,0x0,20.0
51.916833334,2439,20.0,Ok,0x0,18.0
51.936796792,2440,20.0,Ok,0x0,21.0
51.956795417,2441,20.0,Ok,0x0,23.0
51.976778792,2442,20.0,Ok,0x0,20.0
51.996861917,2443,20.0,Ok,0x0,21.0
52.016860125,2444,20.0,Ok,0x0,20.0
52.03679375,2445,20.0,Ok,0x0,19.0
52.056998584,2446,20.0,Ok,0x0,17.0
52.076821375,2447,20.0,Ok,0x0,21.0
52.096795375,2448,20.0,Ok,0x0,15.0
52.116781917,2449,20.0,Ok,0x0,24.0
52.1367705,2450,20.0,Ok,0x0,24.0
52.156744375,2451,20.0,Ok,0x0,24.0
52.1767215,2452,20.0,Ok,0x0,20.0
52.196770375,2453,20.0,Ok,0x0,20.0
52.216867542,2454,20.0,Ok,0x0,20.0
52.236772459,2455,20.0,Ok,0x0,21.0
52.256862667,2456,20.0,Ok,0x0,18.0
52.276767917,2457,20.0,Ok,0x0,19.0
52.296849209,2458,20.0,Ok,0x0,24.0
52.316837959,2459,20.0,Ok,0x0,24.0
52.3367715,2460,20.0,Ok,0x0,23.0
52.356711709,2461,20.0,Ok,0x0,24.0
52.376740834,2462,20.0,Ok,0x0,23.0
52.396909042,2463,20.0,Ok,0x0,21.0
52.416913042,2464,20.0,Ok,0x0,23.0
52.436877084,2465,20.0,Ok,0x0,25.0
52.45679575,2466,20.0,Ok,0x0,25.0
52.476749292,2467,20.0,Ok,0x0,24.0
52.496784334,2468,20.0,Ok,0x0,24.0
52.516864334,2469,20.0,Ok,0x0,23.0
52.53702675,2470,20.0,Ok,0x0,22.0
52.556732542,2471,20.0,Ok,0x0,24.0
52.576764167,2472,20.0,Ok,0x0,22.0
52.596727584,2473,20.0,Ok,0x0,25.0
52.616732875,2474,20.0,Ok,0x0,24.0
52.6367435,2475,20.0,Ok,0x0,25.0
52.656747792,2476,20.0,Ok,0x0,22.0
52.676740167,2477,20.0,Ok,0x0,24.0
52.696820334,2478,20.0,Ok,0x0,26.0
52.717177875,2479,20.0,Ok,0x0,25.0
52.73693525,2480,20.0,Ok,0x0,23.0
52.756466709,2481,20.0,Ok,0x0,27.0
52.784939167,2482,20.0,Ok,0x0,29.0
52.796656917,2483,20.0,Ok,0x0,30.0
52.817222584,2484,20.0,Ok,0x0,26.0
52.836462334,2485,20.0,Ok,0x0,27.0
52.857298667,2486,20.0,Ok,0x0,30.0
52.876583334,2487,20.0,Ok,0x0,29.0
52.896982375,2488,20.0,Ok,0x0,29.0
52.916858834,2489,20.0,Ok,0x0,29.0
52.936738042,2490,20.0,Ok,0x0,31.0
52.956761959,2491,20.0,Ok,0x0,31.0
52.976804,2492,20.0,Ok,0x0,28.0
52.996804875,2493,20.0,Ok,0x0,30.0
53.016777542,2494,20.0,Ok,0x0,31.0
53.036841292,2495,20.0,Ok,0x0,32.0
53.056922459,2496,20.0,Ok,0x0,31.0
53.077012167,2497,20.0,Ok,0x0,33.0
53.097078459,2498,20.0,Ok,0x0,39.0
53.116851542,2499,20.0,Ok,0x0,36.0
53.13676525,2500,20.0,Ok,0x0,44.0
53.156719167,2501,20.0,Ok,0x0,40.0
53.176823,2502,20.0,Ok,0x0,39.0
53.196888167,2503,20.0,Ok,0x0,38.0
53.216764334,2504,20.0,Ok,0x0,46.0
53.236783625,2505,20.0,Ok,0x0,46.0
53.25683675,2506,20.0,Ok,0x0,45.0
53.276735542,2507,20.0,Ok,0x0,38.0
53.296767875,2508,20.0,Ok,0x0,39.0
53.316805,2509,20.0,Ok,0x0,39.0
53.33668825,2510,20.0,Ok,0x0,40.0
53.356830125,2511,20.0,Ok,0x0,37.0
53.376862792,2512,20.0,Ok,0x0,33.0
53.397101625,2513,20.0,Ok,0x0,31.0
53.416875209,2514,20.0,Ok,0x0,31.0
53.4367375,2515,20.0,Ok,0x0,33.0
53.456828334,2516,20.0,Ok,0x0,25.0
53.476766375,2517,20.0,Ok,0x0,30.0
53.496790042,2518,20.0,Ok,0x0,28.0
53.516738459,2519,20.0,Ok,0x0,29.0
53.536708084,2520,20.0,Ok,0x0,26.0
53.556764875,2521,20.0,Ok,0x0,27.0
53.576674167,2522,20.0,Ok,0x0,25.0
53.596678542,2523,20.0,Ok,0x0,24.0
53.616677834,2524,20.0,Ok,0x0,28.0
53.636636542,2525,20.0,Ok,0x0,23.0
53.656744167,2526,20.0,Ok,0x0,26.0
53.676819834,2527,20.0,Ok,0x0,25.0
53.696784792,2528,20.0,Ok,0x0,26.0
53.716835875,2529,20.0,Ok,0x0,29.0
53.736714917,2530,20.0,Ok,0x0,23.0
53.756684709,2531,20.0,Ok,0x0,24.0
53.776713459,2532,20.0,Ok,0x0,23.0
53.796691459,2533,20.0,Ok,0x0,25.0
53.816812834,2534,20.0,Ok,0x0,23.0
53.836690584,2535,20.0,Ok,0x0,26.0
53.856748042,2536,20.0,Ok,0x0,26.0
53.876670959,2537,20.0,Ok,0x0,24.0
53.896683792,2538,20.0,Ok,0x0,24.0
53.916738542,2539,20.0,Ok,0x0,24.0
53.936627125,2540,20.0,Ok,0x0,26.0
53.956691334,2541,20.0,Ok,0x0,24.0
53.976820334,2542,20.0,Ok,0x0,21.0
53.996755542,2543,20.0,Ok,0x0,25.0
54.016704959,2544,20.0,Ok,0x0,23.0
54.036687084,2545,20.0,Ok,0x0,22.0
54.05672275,2546,20.0,Ok,0x0,26.0
54.076752334,2547,20.0,Ok,0x0,24.0
54.096647917,2548,20.0,Ok,0x0,24.0
54.116732542,2549,20.0,Ok,0x0,19.0
54.136666584,2550,20.0,Ok,0x0,26.0
54.156655,2551,20.0,Ok,0x0,22.0
54.176687084,2552,20.0,Ok,0x0,19.0
54.196682959,2553,20.0,Ok,0x0,23.0
54.216700792,2554,20.0,Ok,0x0,21.0
54.236654542,2555,20.0,Ok,0x0,21.0
54.256731209,2556,20.0,Ok,0x0,23.0
54.27671725,2557,20.0,Ok,0x0,23.0
54.296670959,2558,20.0,Ok,0x0,26.0
54.31657675,2559,20.0,Ok,0x0,25.0
54.336736667,2560,20.0,Ok,0x0,23.0
54.356758375,2561,20.0,Ok,0x0,23.0
54.376669584,2562,20.0,Ok,0x0,24.0
54.396674084,2563,20.0,Ok,0x0,22.0
54.416713042,2564,20.0,Ok,0x0,22.0
54.436573459,2565,20.0,Ok,0x0,25.0
54.45661875,2566,20.0,Ok,0x0,23.0
54.476649667,2567,20.0,Ok,0x0,21.0
54.49655775,2568,20.0,Ok,0x0,24.0
54.516631375,2569,20.0,Ok,0x0,23.0
54.539520542,2570,20.0,Ok,0x0,22.0
54.556560875,2571,20.0,Ok,0x0,22.0
54.57668625,2572,20.0,Ok,0x0,24.0
54.596696917,2573,20.0,Ok,0x0,23.0
54.616626584,2574,20.0,Ok,0x0,24.0
54.63663425,2575,20.0,Ok,0x0,23.0
54.65663275,2576,20.0,Ok,0x0,24.0
54.676606334,2577,20.0,Ok,0x0,20.0
54.696635709,2578,20.0,Ok,0x0,22.0
54.716624667,2579,20.0,Ok,0x0,22.0
54.736644917,2580,20.0,Ok,0x0,25.0
54.756668292,2581,20.0,Ok,0x0,24.0
54.776675459,2582,20.0,Ok,0x0,23.0
54.796593917,2583,20.0,Ok,0x0,24.0
54.816534959,2584,20.0,Ok,0x0,24.0
54.836639,2585,20.0,Ok,0x0,22.0
54.856718334,2586,20.0,Ok,0x0,23.0
54.876635959,2587,20.0,Ok,0x0,20.0
54.896668334,2588,20.0,Ok,0x0,23.0
54.916677792,2589,20.0,Ok,0x0,20.0
54.93654825,2590,20.0,Ok,0x0,20.0
54.956720084,2591,20.0,Ok,0x0,24.0
54.976595292,2592,20.0,Ok,0x0,21.0
54.996801917,2593,20.0,Ok,0x0,23.0
55.016650042,2594,20.0,Ok,0x0,20.0
55.036671584,2595,20.0,Ok,0x0,24.0
55.056758667,2596,20.0,Ok,0x0,23.0
55.076567042,2597,20.0,Ok,0x0,23.0
55.096623125,2598,20.0,Ok,0x0,24.0
55.11679975,2599,20.0,Ok,0x0,26.0
55.138467417,2600,20.0,Ok,0x0,25.0
55.15934375,2601,20.0,Ok,0x0,25.0
55.17810025,2602,20.0,Ok,0x0,24.0
55.196093084,2603,20.0,Ok,0x0,20.0
55.216249584,2604,20.0,Ok,0x0,23.0
55.236060209,2605,20.0,Ok,0x0,26.0
55.256059209,2606,20.0,Ok,0x0,26.0
55.276341375,2607,20.0,Ok,0x0,24.0
55.29633175,2608,20.0,Ok,0x0,23.0
55.316792542,2609,20.0,Ok,0x0,24.0
55.336671667,2610,20.0,Ok,0x0,19.0
55.356685834,2611,20.0,Ok,0x0,21.0
55.376580875,2612,20.0,Ok,0x0,21.0
55.396712209,2613,20.0,Ok,0x0,24.0
55.416746542,2614,20.0,Ok,0x0,21.0
55.436829167,2615,20.0,Ok,0x0,24.0
55.456768167,2616,20.0,Ok,0x0,20.0
55.476767459,2617,20.0,Ok,0x0,22.0
55.496731917,2618,20.0,Ok,0x0,24.0
55.516762542,2619,20.0,Ok,0x0,26.0
55.536267584,2620,20.0,Ok,0x0,25.0
55.556398584,2621,20.0,Ok,0x0,23.0
55.576645542,2622,20.0,Ok,0x0,20.0
55.596651834,2623,20.0,Ok,0x0,26.0
55.616792792,2624,20.0,Ok,0x0,24.0
55.63663025,2625,20.0,Ok,0x0,28.0
55.656727959,2626,20.0,Ok,0x0,28.0
55.676650334,2627,20.0,Ok,0x0,25.0
55.696634834,2628,20.0,Ok,0x0,24.0
55.716568459,2629,20.0,Ok,0x0,23.0
55.736629542,2630,20.0,Ok,0x0,25.0
55.756554417,2631,20.0,Ok,0x0,24.0
55.776610584,2632,20.0,Ok,0x0,26.0
55.796538375,2633,20.0,Ok,0x0,24.0
55.816695167,2634,20.0,Ok,0x0,22.0
55.836593542,2635,20.0,Ok,0x0,24.0
55.856565667,2636,20.0,Ok,0x0,23.0
55.876687584,2637,20.0,Ok,0x0,24.0
55.89642475,2638,20.0,Ok,0x0,23.0
55.91759825,2639,20.0,Ok,0x0,24.0
55.936542084,2640,20.0,Ok,0x0,24.0
55.95656925,2641,20.0,Ok,0x0,22.0
55.976516709,2642,20.0,Ok,0x0,21.0
55.996594042,2643,20.0,Ok,0x0,26.0
56.016512334,2644,20.0,Ok,0x0,25.0
56.036541084,2645,20.0,Ok,0x0,22.0
56.056542375,2646,20.0,Ok,0x0,29.0
56.076581084,2647,20.0,Ok,0x0,25.0
56.096577084,2648,20.0,Ok,0x0,19.0
56.116561209,2649,20.0,Ok,0x0,23.0
56.136511375,2650,20.0,Ok,0x0,24.0
56.156541209,2651,20.0,Ok,0x0,24.0
56.176546792,2652,20.0,Ok,0x0,28.0
56.196621084,2653,20.0,Ok,0x0,22.0
56.216644292,2654,20.0,Ok,0x0,24.0
56.236530125,2655,20.0,Ok,0x0,26.0
56.256509334,2656,20.0,Ok,0x0,24.0
56.276622875,2657,20.0,Ok,0x0,22.0
56.296627417,2658,20.0,Ok,0x0,27.0
56.31631025,2659,20.0,Ok,0x0,25.0
56.336653167,2660,20.0,Ok,0x0,21.0
56.356542375,2661,20.0,Ok,0x0,23.0
56.376661959,2662,20.0,Ok,0x0,23.0
56.396596417,2663,20.0,Ok,0x0,23.0
56.416578209,2664,20.0,Ok,0x0,26.0
56.436568125,2665,20.0,Ok,0x0,24.0
56.456238459,2666,20.0,Ok,0x0,22.0
56.47635025,2667,20.0,Ok,0x0,24.0
56.496669709,2668,20.0,Ok,0x0,22.0
56.516737209,2669,20.0,Ok,0x0,24.0
56.536844417,2670,20.0,Ok,0x0,20.0
56.557079209,2671,20.0,Ok,0x0,27.0
56.576598959,2672,20.0,Ok,0x0,26.0
56.596584959,2673,20.0,Ok,0x0,28.0
56.616582709,2674,20.0,Ok,0x0,27.0
56.636656417,2675,20.0,Ok,0x0,25.0
56.656580375,2676,20.0,Ok,0x0,22.0
56.676851209,2677,20.0,Ok,0x0,24.0
56.696518625,2678,20.0,Ok,0x0,26.0
56.716590792,2679,20.0,Ok,0x0,25.0
56.736617167,2680,20.0,Ok,0x0,22.0
56.7565155,2681,20.0,Ok,0x0,20.0
56.7765445,2682,20.0,Ok,0x0,28.0
56.796548209,2683,20.0,Ok,0x0,25.0
56.81646125,2684,20.0,Ok,0x0,25.0
56.836557875,2685,20.0,Ok,0x0,20.0
56.856629709,2686,20.0,Ok,0x0,21.0
56.876718875,2687,20.0,Ok,0x0,21.0
56.896624625,2688,20.0,Ok,0x0,22.0
56.916583125,2689,20.0,Ok,0x0,21.0
56.936531375,2690,20.0,Ok,0x0,20.0
56.956465334,2691,20.0,Ok,0x0,23.0
56.976503334,2692,20.0,Ok,0x0,23.0
56.99653475,2693,20.0,Ok,0x0,24.0
57.016520709,2694,20.0,Ok,0x0,20.0
57.036565584,2695,20.0,Ok,0x0,21.0
57.0564725,2696,20.0,Ok,0x0,25.0
57.076657125,2697,20.0,Ok,0x0,23.0
57.096526625,2698,20.0,Ok,0x0,25.0
57.116561,2699,20.0,Ok,0x0,25.0
57.136542292,2700,20.0,Ok,0x0,22.0
57.156644042,2701,20.0,Ok,0x0,22.0
57.176582292,2702,20.0,Ok,0x0,28.0
57.196704417,2703,20.0,Ok,0x0,23.0
57.216568084,2704,20.0,Ok,0x0,25.0
57.236557125,2705,20.0,Ok,0x0,25.0
57.2565835,2706,20.0,Ok,0x0,25.0
57.276678459,2707,20.0,Ok,0x0,21.0
57.296566459,2708,20.0,Ok,0x0,24.0
57.316502459,2709,20.0,Ok,0x0,28.0
57.336563167,2710,20.0,Ok,0x0,28.0
57.356527,2711,20.0,Ok,0x0,27.0
57.376685709,2712,20.0,Ok,0x0,22.0
